from_id,to_id
mn0000124767,mn0000090103
mn0000176360,mn0000941303
mn0000306851,mn0000864878
mn0000891991,mn0000884272
mn0000047716,mn0000065882
mn0000047716,mn0000105329
mn0000047716,mn0000125479
mn0000047716,mn0000348105
mn0000793944,mn0000286662
mn0000307875,mn0000151290
mn0000231213,mn0000074776
mn0000231213,mn0000524050
mn0000231213,mn0000641067
mn0000244552,mn0000136956
mn0000244552,mn0000081181
mn0000244552,mn0000390239
mn0000244552,mn0000332725
mn0000387580,mn0000139804
mn0000127735,mn0000107294
mn0000286274,mn0000120254
mn0000050034,mn0000121185
mn0000050034,mn0000152312
mn0000803645,mn0000834466
mn0000803645,mn0000175708
mn0000178880,mn0000188279
mn0000120273,mn0000118056
mn0000197424,mn0000806991
mn0000160848,mn0000812290
mn0000160848,mn0000836313
mn0000397042,mn0000260038
mn0000115733,mn0000490769
mn0000139804,mn0000798326
mn0000139804,mn0000957296
mn0000139804,mn0000868092
mn0000347933,mn0000742899
mn0000953472,mn0000958907
mn0000238440,mn0000062378
mn0000238440,mn0000641067
mn0000238440,mn0000231213
mn0000238440,mn0000337119
mn0000238440,mn0000007305
mn0000270064,mn0000661795
mn0000270064,mn0000051828
mn0000809396,mn0000328288
mn0000376204,mn0000113753
mn0000376204,mn0000278439
mn0000791483,mn0000343416
mn0000738182,mn0000286483
mn0000738182,mn0000290464
mn0000738182,mn0000742899
mn0000738182,mn0000745316
mn0000066915,mn0000509524
mn0000851473,mn0000308968
mn0000439291,mn0000232564
mn0000319945,mn0000588508
mn0000319945,mn0000200968
mn0000798169,mn0000927009
mn0000322027,mn0000184502
mn0000322027,mn0000311742
mn0000322027,mn0000489316
mn0000322027,mn0000853163
mn0000322027,mn0000749504
mn0000919623,mn0000481864
mn0000794244,mn0000104388
mn0000794244,mn0000390239
mn0000794244,mn0000332725
mn0000957296,mn0000798326
mn0000812046,mn0000849333
mn0000812046,mn0000746915
mn0000812046,mn0000044994
mn0000941303,mn0000176360
mn0000941303,mn0000090563
mn0000237517,mn0000792507
mn0000933568,mn0000767741
mn0000933568,mn0000641474
mn0000933568,mn0000551055
mn0000933568,mn0000455694
mn0000192180,mn0000024263
mn0000773147,mn0000300659
mn0000788362,mn0000296366
mn0000394288,mn0000820195
mn0000808304,mn0000407058
mn0000112540,mn0000039661
mn0000005641,mn0000659071
mn0000005641,mn0001655886
mn0000005641,mn0000032776
mn0000232564,mn0000590285
mn0000232564,mn0000849333
mn0000936658,mn0000600734
mn0000674409,mn0000039857
mn0000033545,mn0000187478
mn0000655346,mn0000390239
mn0000655346,mn0000017929
mn0000655346,mn0000332725
mn0000104515,mn0000287350
mn0000010802,mn0000836958
mn0000121234,mn0000266002
mn0000184967,mn0000241813
mn0000516020,mn0000039258
mn0000217963,mn0000569185
mn0000217963,mn0000801762
mn0000597309,mn0000601079
mn0000597309,mn0000867271
mn0000597309,mn0000293896
mn0000600920,mn0000740569
mn0001953486,mn0000293969
mn0000020319,mn0000066429
mn0000169568,mn0000756318
mn0000169568,mn0002119207
mn0000169568,mn0000402514
mn0000169568,mn0000008549
mn0000635760,mn0000740861
mn0000211146,mn0000153590
mn0000211146,mn0000849333
mn0000211146,mn0000686897
mn0000197757,mn0000780108
mn0000197757,mn0000260361
mn0000197757,mn0000801101
mn0000833738,mn0000769616
mn0000833738,mn0000959770
mn0000239329,mn0000075979
mn0000239329,mn0000163426
mn0000239329,mn0000673577
mn0000239329,mn0000826988
mn0000604940,mn0000184091
mn0000604940,mn0000808214
mn0000604940,mn0000042513
mn0000234488,mn0000809396
mn0000234488,mn0000327130
mn0000749504,mn0000311742
mn0000749504,mn0000322027
mn0000673360,mn0000163133
mn0000489658,mn0000854545
mn0000000589,mn0000327130
mn0000737770,mn0000021334
mn0000137084,mn0000276381
mn0000039661,mn0000112540
mn0000039661,mn0000124390
mn0000039661,mn0000825208
mn0000039661,mn0000577531
mn0000150062,mn0000630882
mn0000150062,mn0000780056
mn0000150062,mn0000959770
mn0000826381,mn0000588887
mn0000162122,mn0000503279
mn0000162122,mn0000211483
mn0000178549,mn0000617196
mn0000178549,mn0000955544
mn0000227415,mn0000845196
mn0000227415,mn0000745316
mn0000266002,mn0000120325
mn0000266002,mn0000110847
mn0000266002,mn0000121234
mn0000266002,mn0000376613
mn0000266002,mn0000389137
mn0000266002,mn0002028948
mn0000929573,mn0000052094
mn0000519637,mn0000228385
mn0000479687,mn0000284546
mn0000204850,mn0000090389
mn0000204850,mn0000808198
mn0000808250,mn0000314288
mn0000176281,mn0000152490
mn0000677991,mn0000767741
mn0000677991,mn0000104388
mn0000677991,mn0000390239
mn0000677991,mn0000423829
mn0000677991,mn0000332725
mn0000541348,mn0000585092
mn0000541348,mn0000211570
mn0000507275,mn0000256349
mn0000412134,mn0000784458
mn0000064199,mn0000222298
mn0000064199,mn0000387352
mn0000064199,mn0000245039
mn0000838563,mn0000587708
mn0000799053,mn0000240865
mn0000668576,mn0000638498
mn0000120521,mn0000780056
mn0000962913,mn0000031181
mn0000962913,mn0000376150
mn0000962913,mn0000625526
mn0000962913,mn0000602907
mn0000962913,mn0001655886
mn0000962913,mn0001643985
mn0000661645,mn0000928942
mn0000661645,mn0000260038
mn0000661645,mn0000768027
mn0000661645,mn0000396372
mn0000800332,mn0000785380
mn0000039656,mn0000928942
mn0000039656,mn0000396372
mn0000039656,mn0000290464
mn0000530996,mn0000588508
mn0000530996,mn0000200968
mn0000530996,mn0000387720
mn0000530996,mn0000751623
mn0000078802,mn0000767068
mn0000144581,mn0000795288
mn0000813019,mn0000086774
mn0000513770,mn0000203351
mn0000153915,mn0000854545
mn0000618713,mn0000186185
mn0000242545,mn0000615119
mn0000787810,mn0000057840
mn0000787810,mn0000037197
mn0000795288,mn0000110033
mn0000795288,mn0000144581
mn0000795288,mn0000602907
mn0000377538,mn0000144581
mn0000276917,mn0000784527
mn0000276917,mn0000302799
mn0000276917,mn0000396372
mn0000387352,mn0000066915
mn0000387352,mn0000211392
mn0000387352,mn0000816890
mn0000387352,mn0000286662
mn0000387352,mn0000245039
mn0000188843,mn0000587708
mn0000188843,mn0000183890
mn0000103600,mn0000792574
mn0000103600,mn0000148978
mn0000103600,mn0000280434
mn0000103600,mn0000345426
mn0000753237,mn0000214162
mn0000533644,mn0000818050
mn0000533644,mn0000519428
mn0000096613,mn0000121357
mn0000096613,mn0000849333
mn0000490549,mn0000664378
mn0000201760,mn0000767741
mn0000201760,mn0000798326
mn0000201760,mn0000957296
mn0000201760,mn0000234374
mn0000201760,mn0000332536
mn0000100854,mn0000848952
mn0000247004,mn0000170027
mn0000107294,mn0000156010
mn0000107294,mn0000303125
mn0000164817,mn0000625526
mn0000214546,mn0000585092
mn0000214546,mn0000104388
mn0000793623,mn0000074397
mn0000793623,mn0000197364
mn0000793623,mn0000239329
mn0000227465,mn0000753104
mn0000227465,mn0000077555
mn0000227465,mn0000097182
mn0000227465,mn0000183699
mn0000227465,mn0000988471
mn0000518937,mn0000314923
mn0000518937,mn0000336222
mn0000896225,mn0000793506
mn0000007305,mn0000390239
mn0000007305,mn0000842802
mn0000007305,mn0000332725
mn0000818595,mn0000294923
mn0000242966,mn0000193802
mn0000060122,mn0000046626
mn0000060122,mn0000327130
mn0000060122,mn0000189414
mn0000060122,mn0000286662
mn0000278515,mn0000930651
mn0000844950,mn0000829643
mn0000248452,mn0000212129
mn0000248452,mn0000201760
mn0000248452,mn0000091879
mn0000248452,mn0000244082
mn0000248452,mn0000686577
mn0000896965,mn0000785380
mn0000756291,mn0000814295
mn0000120241,mn0000489845
mn0000120241,mn0000741325
mn0000120241,mn0000798326
mn0000120241,mn0000423829
mn0000260361,mn0000780108
mn0000108331,mn0000583959
mn0000695019,mn0000742673
mn0000695019,mn0000890630
mn0000927555,mn0000047401
mn0000927555,mn0000378624
mn0000830063,mn0000714156
mn0000793607,mn0000833150
mn0000184814,mn0000190632
mn0000032771,mn0000371741
mn0000032771,mn0000781837
mn0000792574,mn0000505770
mn0000792574,mn0000489316
mn0000694273,mn0000424244
mn0000178889,mn0000190021
mn0000591806,mn0000251491
mn0000591806,mn0000296487
mn0000591806,mn0000206990
mn0000147249,mn0000100116
mn0000789292,mn0000118056
mn0000065882,mn0000234374
mn0000065882,mn0000017929
mn0000065882,mn0000332725
mn0000229068,mn0000186185
mn0000020971,mn0000608135
mn0000846488,mn0000103600
mn0000846488,mn0000335431
mn0000628269,mn0000222298
mn0000628269,mn0000042513
mn0000189414,mn0000060122
mn0000189414,mn0000858375
mn0000189414,mn0000286662
mn0000189414,mn0000749476
mn0000829889,mn0000075979
mn0000731975,mn0000031181
mn0000731975,mn0000602907
mn0000731975,mn0000740576
mn0000798965,mn0000604940
mn0000798965,mn0000184091
mn0000798965,mn0000808104
mn0000798965,mn0000808214
mn0000798965,mn0000394931
mn0000808613,mn0000792574
mn0000808613,mn0000103600
mn0000121318,mn0000074776
mn0000121318,mn0000300245
mn0000121318,mn0000036537
mn0000749671,mn0000806991
mn0000390469,mn0000327130
mn0000390469,mn0000307875
mn0000390469,mn0000286662
mn0000183699,mn0000753104
mn0000183699,mn0000077555
mn0000183699,mn0000227465
mn0000183699,mn0000380620
mn0000096142,mn0000869068
mn0000030629,mn0000803128
mn0000030629,mn0000625526
mn0000030629,mn0000293490
mn0000300659,mn0000773147
mn0000300659,mn0000220312
mn0000543867,mn0000159699
mn0000543867,mn0000307875
mn0000212129,mn0000678408
mn0000212129,mn0000341422
mn0000837150,mn0000487271
mn0000423829,mn0000396372
mn0000153956,mn0000673114
mn0000161891,mn0000290464
mn0000573327,mn0000575122
mn0000573327,mn0000186312
mn0000573327,mn0000146437
mn0000816387,mn0000664378
mn0000816387,mn0000849333
mn0000816387,mn0000882956
mn0000816387,mn0000583959
mn0000389213,mn0000070641
mn0000945196,mn0000325353
mn0000945196,mn0000359016
mn0000598083,mn0000239329
mn0000598083,mn0000795529
mn0000598083,mn0000588183
mn0000817315,mn0000301404
mn0000010276,mn0000283971
mn0000343416,mn0000640419
mn0000343416,mn0000791483
mn0000808198,mn0000489845
mn0000808198,mn0000490416
mn0000092503,mn0000097009
mn0000202644,mn0000327130
mn0000080970,mn0000176936
mn0000080970,mn0000116159
mn0000080970,mn0000894956
mn0000080970,mn0000959770
mn0000126415,mn0000896965
mn0000673577,mn0000075979
mn0000673577,mn0000239329
mn0000940884,mn0000179764
mn0000940884,mn0000336222
mn0000081832,mn0000042513
mn0000924764,mn0000935443
mn0000102462,mn0000215928
mn0000818058,mn0000421122
mn0000074936,mn0000202187
mn0000074936,mn0000785380
mn0000927413,mn0000023566
mn0000670057,mn0000348105
mn0000670057,mn0000597309
mn0000268634,mn0000016901
mn0000234325,mn0000583959
mn0000392421,mn0000942529
mn0000287350,mn0000828897
mn0000052062,mn0000146437
mn0000767068,mn0000078802
mn0000767068,mn0000470588
mn0000814295,mn0000927555
mn0000814295,mn0000314050
mn0000346102,mn0000809396
mn0000129457,mn0000070507
mn0000129457,mn0000248392
mn0000679314,mn0000083094
mn0000639397,mn0000191699
mn0000639397,mn0000497132
mn0000108774,mn0000261866
mn0000031263,mn0000587708
mn0000031263,mn0000467203
mn0000679398,mn0000053739
mn0000645474,mn0000680065
mn0000191429,mn0000256709
mn0000134600,mn0000402249
mn0000796700,mn0000017748
mn0000818559,mn0000259270
mn0000818559,mn0000094252
mn0000003829,mn0000137137
mn0000771079,mn0000036537
mn0000021810,mn0000798514
mn0000021810,mn0000041187
mn0000021810,mn0000046469
mn0002028948,mn0000266002
mn0000080370,mn0000753104
mn0000080370,mn0000183699
mn0000080370,mn0000380620
mn0000113753,mn0000376204
mn0000113753,mn0000373634
mn0000960574,mn0000767471
mn0000960574,mn0000241618
mn0000246885,mn0000869487
mn0000936983,mn0000265440
mn0000339160,mn0000814852
mn0000141256,mn0000801762
mn0000142860,mn0000152490
mn0000597094,mn0000467853
mn0000530745,mn0000747507
mn0000119651,mn0000849333
mn0000119651,mn0000816387
mn0000223587,mn0000238375
mn0000400158,mn0000926376
mn0000400158,mn0000178852
mn0000959770,mn0000769616
mn0000959770,mn0000780056
mn0000569185,mn0000801762
mn0000569185,mn0000666285
mn0000727434,mn0000188634
mn0000204901,mn0001456835
mn0000204901,mn0000290464
mn0000046694,mn0000146437
mn0000760148,mn0001371793
mn0000760148,mn0000188279
mn0000988457,mn0000768584
mn0000988457,mn0000774588
mn0000988457,mn0000208997
mn0000988457,mn0000020869
mn0000482763,mn0000226228
mn0000482763,mn0000183858
mn0000482763,mn0000346370
mn0000192260,mn0000587708
mn0000192260,mn0000102399
mn0000192260,mn0000575199
mn0000088497,mn0000127044
mn0000088497,mn0000354769
mn0000088497,mn0000287604
mn0000030658,mn0000075979
mn0000068934,mn0000927555
mn0000062378,mn0000238440
mn0000354140,mn0000366164
mn0000183635,mn0000126497
mn0000276910,mn0000127889
mn0000276910,mn0000201667
mn0000107259,mn0000075979
mn0000107259,mn0000419197
mn0000107259,mn0000756180
mn0000256709,mn0000942529
mn0000256709,mn0000780056
mn0000256709,mn0000191429
mn0000256709,mn0000894956
mn0000256709,mn0000959770
mn0000124390,mn0000828153
mn0000124390,mn0000039661
mn0000744075,mn0000082482
mn0000744075,mn0000790604
mn0000396372,mn0000928942
mn0000396372,mn0000640675
mn0000396372,mn0000423829
mn0000396372,mn0000039656
mn0000095227,mn0000585674
mn0000575199,mn0000204591
mn0000575199,mn0000102399
mn0000797327,mn0000461998
mn0000928942,mn0000423829
mn0000928942,mn0000039656
mn0000405113,mn0000661172
mn0000405113,mn0000030664
mn0000490416,mn0000175553
mn0000490416,mn0000396372
mn0000490416,mn0000423829
mn0000490416,mn0000039656
mn0000084962,mn0000317001
mn0000084962,mn0000397880
mn0000643549,mn0000479028
mn0000643549,mn0000688804
mn0000097009,mn0000287929
mn0000097009,mn0000092503
mn0000097009,mn0000939595
mn0000281631,mn0000564540
mn0000137474,mn0000169201
mn0000159699,mn0000327130
mn0000159699,mn0000214162
mn0000573870,mn0000325459
mn0000564740,mn0000928548
mn0000564740,mn0000822874
mn0000801101,mn0000085415
mn0000801101,mn0000780108
mn0000337119,mn0000617196
mn0000337119,mn0000675092
mn0000337119,mn0000238440
mn0000750203,mn0000162677
mn0000750203,mn0000302799
mn0000019241,mn0000214162
mn0000029884,mn0000228266
mn0000029884,mn0000849333
mn0000332641,mn0000359016
mn0000314166,mn0000174557
mn0000500454,mn0000812290
mn0000500454,mn0000798477
mn0000367979,mn0000682403
mn0000367979,mn0000236287
mn0000367979,mn0000885190
mn0000367979,mn0000359016
mn0000782191,mn0000940590
mn0000199677,mn0000505154
mn0000199677,mn0000160198
mn0000199677,mn0000951384
mn0000199677,mn0000267354
mn0000199677,mn0000127949
mn0000199677,mn0000068780
mn0000199677,mn0000519715
mn0000126727,mn0000113203
mn0000126727,mn0000263103
mn0000169819,mn0000566054
mn0000169819,mn0000355052
mn0000021744,mn0000808104
mn0000021744,mn0000270491
mn0000300458,mn0000585180
mn0000020760,mn0000214162
mn0000680065,mn0000296487
mn0000064915,mn0000047401
mn0000064915,mn0000090389
mn0000064915,mn0000200322
mn0000064915,mn0000090803
mn0000093322,mn0000533644
mn0000093322,mn0000519428
mn0000327130,mn0000320761
mn0000327130,mn0000130855
mn0000080581,mn0000201760
mn0000461816,mn0000211483
mn0000461816,mn0000796166
mn0000461816,mn0000152312
mn0000332832,mn0000927009
mn0000332832,mn0000416203
mn0000332832,mn0000588887
mn0000332832,mn0000013315
mn0000808104,mn0000166785
mn0000962339,mn0000187478
mn0000962339,mn0000153590
mn0000962339,mn0000354105
mn0000962339,mn0000208997
mn0000045077,mn0000174122
mn0000045077,mn0000359966
mn0000186401,mn0000207168
mn0000526637,mn0000596996
mn0000790604,mn0000334030
mn0000014651,mn0000801762
mn0000014651,mn0000666285
mn0000211483,mn0000070507
mn0000211483,mn0000796166
mn0000211483,mn0000066570
mn0000117844,mn0000583959
mn0000050610,mn0000829236
mn0000686661,mn0000031181
mn0000187374,mn0000652255
mn0000187374,mn0000248380
mn0000187374,mn0000497132
mn0000785773,mn0000793623
mn0001653963,mn0000350127
mn0000296487,mn0000206990
mn0000271519,mn0000071514
mn0000271519,mn0000798026
mn0000271519,mn0000202187
mn0000271519,mn0000128585
mn0000271519,mn0000307305
mn0000271519,mn0000519428
mn0000197460,mn0000156900
mn0000793210,mn0000543055
mn0000793210,mn0000334030
mn0000075979,mn0000239329
mn0000075979,mn0000059503
mn0000075979,mn0000405417
mn0000075979,mn0000841430
mn0000075979,mn0000121584
mn0000075979,mn0000952345
mn0000075979,mn0000751592
mn0000671800,mn0000089675
mn0000671800,mn0000259529
mn0000545074,mn0000254964
mn0000545074,mn0000314050
mn0000927009,mn0000798169
mn0000927009,mn0000332832
mn0000595585,mn0000520977
mn0000254083,mn0000939187
mn0000127949,mn0000505154
mn0000127949,mn0000199677
mn0000127949,mn0000226380
mn0000584923,mn0000082661
mn0000288469,mn0000894730
mn0000396676,mn0000327130
mn0000987491,mn0000816387
mn0000134191,mn0000028166
mn0000097115,mn0000809948
mn0000784070,mn0000136640
mn0000052094,mn0000929573
mn0000113409,mn0000945790
mn0000246022,mn0000947816
mn0000278439,mn0000537548
mn0000278439,mn0000224257
mn0000278439,mn0000088035
mn0000278439,mn0000376204
mn0000278439,mn0000221722
mn0000234374,mn0000065882
mn0000234374,mn0000798326
mn0000234374,mn0000201760
mn0000540139,mn0000822874
mn0000470588,mn0000078802
mn0000470588,mn0000066915
mn0000470588,mn0000238495
mn0000776301,mn0000079016
mn0000776301,mn0000094210
mn0000266462,mn0000189229
mn0000247997,mn0000519428
mn0000564540,mn0000281631
mn0000815039,mn0000211627
mn0000815039,mn0000774909
mn0000815039,mn0000307461
mn0000211570,mn0000765494
mn0000211570,mn0000233228
mn0000178852,mn0000802875
mn0000178852,mn0000400158
mn0000178852,mn0000744328
mn0000231610,mn0000058386
mn0000231610,mn0000461998
mn0000014724,mn0000096613
mn0000014724,mn0000183699
mn0000014724,mn0000187478
mn0000014724,mn0000080370
mn0000014724,mn0000380620
mn0000359359,mn0000182040
mn0000803589,mn0000163133
mn0000803589,mn0000577301
mn0000803589,mn0000526407
mn0000026904,mn0000537326
mn0000026904,mn0000863963
mn0000585674,mn0000095227
mn0000027916,mn0000758208
mn0000751687,mn0000010458
mn0000751687,mn0000029791
mn0000484396,mn0000070507
mn0000602907,mn0000030250
mn0000602907,mn0000093521
mn0000602907,mn0000760782
mn0000602907,mn0000659071
mn0000602907,mn0000851639
mn0000832124,mn0000635760
mn0000832124,mn0000740861
mn0000836313,mn0000160848
mn0000836313,mn0000418130
mn0000185412,mn0000763506
mn0001199400,mn0000318966
mn0000118493,mn0000781837
mn0000118493,mn0000931086
mn0000118493,mn0000176298
mn0000197364,mn0000793623
mn0000197364,mn0000059503
mn0000197364,mn0000238440
mn0000197364,mn0000932858
mn0000776562,mn0000031274
mn0000458423,mn0000536122
mn0000458423,mn0000622805
mn0000345168,mn0000047401
mn0000345168,mn0000678408
mn0000345168,mn0000692089
mn0000322079,mn0000601079
mn0000585092,mn0000957296
mn0000585092,mn0000104388
mn0002119207,mn0000169568
mn0000075582,mn0000786808
mn0000315677,mn0000792507
mn0000315677,mn0000315336
mn0000315677,mn0000204901
mn0000951384,mn0000199677
mn0000951384,mn0000267354
mn0000537548,mn0000224257
mn0000577301,mn0000163133
mn0000577301,mn0000079016
mn0000577301,mn0000256349
mn0000612716,mn0000209142
mn0000199728,mn0000509524
mn0000199728,mn0000942529
mn0000199728,mn0000815039
mn0000199728,mn0000767068
mn0000199728,mn0000780056
mn0000199728,mn0000959770
mn0000021334,mn0000536122
mn0000251491,mn0000786126
mn0000251491,mn0000206990
mn0000251491,mn0000042513
mn0000044331,mn0000239382
mn0000268700,mn0000942529
mn0000235121,mn0000962339
mn0000235121,mn0000816387
mn0000235121,mn0000208997
mn0000081079,mn0000536122
mn0000099198,mn0000673360
mn0000330961,mn0000059503
mn0000330961,mn0000174838
mn0000199774,mn0000858375
mn0000588183,mn0000598083
mn0000834976,mn0000812290
mn0000834976,mn0000923432
mn0000834976,mn0000071514
mn0000411425,mn0000957296
mn0000411425,mn0000840760
mn0000150530,mn0000602907
mn0000754251,mn0000200794
mn0000111963,mn0000633078
mn0000111963,mn0000955544
mn0000755570,mn0000647670
mn0000755570,mn0000246885
mn0000755570,mn0000101795
mn0000755570,mn0000314050
mn0000565908,mn0000932323
mn0000565908,mn0000163133
mn0000565908,mn0000813561
mn0000565908,mn0000350127
mn0000349439,mn0000339789
mn0000349439,mn0000769616
mn0000349439,mn0000585820
mn0000009927,mn0000133377
mn0000830823,mn0000014263
mn0000830823,mn0000793623
mn0000830823,mn0000678408
mn0000090389,mn0000065882
mn0000774588,mn0000768584
mn0000774588,mn0000988457
mn0000774588,mn0000020869
mn0000753104,mn0000077555
mn0000753104,mn0000183699
mn0000753104,mn0000080370
mn0000753104,mn0000227465
mn0000790023,mn0000001020
mn0000790023,mn0000842611
mn0000536122,mn0000609992
mn0000081836,mn0000742442
mn0000310941,mn0000921895
mn0000074776,mn0000121318
mn0000074776,mn0000231213
mn0000074776,mn0000745628
mn0000074776,mn0000300245
mn0000074776,mn0000238440
mn0000074776,mn0000036537
mn0000074776,mn0000007305
mn0000887638,mn0000153590
mn0000887638,mn0001431398
mn0000390239,mn0000332725
mn0000794145,mn0000169202
mn0000200968,mn0000588508
mn0000200968,mn0000530996
mn0000200968,mn0000319945
mn0000024779,mn0000125479
mn0000024779,mn0000191989
mn0000344275,mn0000124767
mn0000286662,mn0000130855
mn0000339789,mn0000349439
mn0000339789,mn0000585820
mn0000239876,mn0000182360
mn0000087597,mn0000181914
mn0000651271,mn0000857062
mn0000159791,mn0000803162
mn0000159791,mn0000234374
mn0000159791,mn0000390239
mn0000159791,mn0000378624
mn0000225508,mn0000566054
mn0000082639,mn0000110541
mn0000211627,mn0000142226
mn0000211627,mn0000815039
mn0000606283,mn0000587708
mn0000606283,mn0000102399
mn0000508344,mn0000854686
mn0000066570,mn0000104388
mn0000620257,mn0000548020
mn0000813485,mn0000077698
mn0000115399,mn0000213266
mn0000003100,mn0000794244
mn0000776337,mn0000678408
mn0000776337,mn0000397042
mn0000178536,mn0000597309
mn0000242511,mn0000536122
mn0000136220,mn0000776363
mn0000815575,mn0000792507
mn0000902915,mn0000227352
mn0000840760,mn0000411425
mn0000671156,mn0000487271
mn0000625201,mn0000108124
mn0000790227,mn0000558339
mn0000790227,mn0000896298
mn0000998412,mn0000998428
mn0000089675,mn0000259529
mn0000959775,mn0000094252
mn0000959775,mn0000256349
mn0000406909,mn0000756318
mn0000271029,mn0000090803
mn0000251375,mn0000200775
mn0000251375,mn0000816890
mn0000251375,mn0000136640
mn0000251375,mn0000583959
mn0000176859,mn0000423829
mn0000176859,mn0000250435
mn0000176859,mn0000596922
mn0000044991,mn0000103600
mn0000044991,mn0000527846
mn0000044991,mn0000804586
mn0000044991,mn0000081181
mn0000044991,mn0000608135
mn0001005124,mn0000956232
mn0001005124,mn0000537548
mn0000768470,mn0000058360
mn0000768470,mn0000119629
mn0002450394,mn0000786245
mn0002450394,mn0000481915
mn0002450394,mn0000397880
mn0000069298,mn0000102399
mn0000761478,mn0000837592
mn0000761478,mn0000124784
mn0000761478,mn0000742899
mn0000955027,mn0000118261
mn0000347639,mn0000210142
mn0000380149,mn0000175196
mn0000380149,mn0000757070
mn0000191006,mn0000187478
mn0000191006,mn0000849333
mn0000191006,mn0000217792
mn0000742442,mn0000081836
mn0000939187,mn0000812290
mn0000365389,mn0000319347
mn0000489845,mn0000423829
mn0000188634,mn0000727434
mn0000784713,mn0000181479
mn0000102985,mn0000146437
mn0000102985,mn0000583959
mn0000261866,mn0000108774
mn0000261866,mn0000159699
mn0000107139,mn0000059503
mn0000107139,mn0000075979
mn0000107139,mn0000145269
mn0000107139,mn0000185155
mn0000188342,mn0000051380
mn0000836958,mn0000424580
mn0000787869,mn0000582253
mn0000220312,mn0000300659
mn0000220312,mn0000197424
mn0000127696,mn0000647670
mn0000127696,mn0000673114
mn0000255210,mn0000808613
mn0000606098,mn0000857589
mn0000744265,mn0000597309
mn0000744265,mn0000200791
mn0000106882,mn0000255494
mn0000199849,mn0000059503
mn0000199849,mn0000075979
mn0000199849,mn0000957296
mn0000230590,mn0000813175
mn0000812144,mn0000772976
mn0000812144,mn0000751738
mn0000515701,mn0000210974
mn0000043765,mn0000118056
mn0000411171,mn0000638498
mn0000487535,mn0000800100
mn0000487535,mn0000768027
mn0000306296,mn0000154957
mn0000306296,mn0000227487
mn0000306296,mn0000307875
mn0000306296,mn0000299666
mn0000086774,mn0000813019
mn0000296366,mn0000788362
mn0000625994,mn0000684920
mn0000085415,mn0000801101
mn0000085415,mn0000849333
mn0000085415,mn0000816387
mn0000085415,mn0000208997
mn0000185810,mn0000186927
mn0000953148,mn0000162677
mn0000781932,mn0000803162
mn0000781932,mn0000602907
mn0000781932,mn0000378624
mn0000069348,mn0000286483
mn0000760782,mn0000527469
mn0000760782,mn0000110033
mn0000760782,mn0000602907
mn0000760782,mn0000579458
mn0000760782,mn0000763650
mn0000760782,mn0000925983
mn0000760782,mn0000851639
mn0000625736,mn0000664378
mn0000625736,mn0000853163
mn0000259529,mn0000079016
mn0000293969,mn0000996075
mn0000293969,mn0001953486
mn0000241618,mn0000767471
mn0000241618,mn0000960574
mn0000352524,mn0000171957
mn0000521564,mn0000674332
mn0000521564,mn0000355052
mn0000117836,mn0000059503
mn0000117836,mn0000318872
mn0000117836,mn0000050770
mn0000747507,mn0000314050
mn0000046784,mn0000959770
mn0000046784,mn0000191429
mn0000572508,mn0000124248
mn0000572508,mn0000773884
mn0000161947,mn0000505154
mn0000950334,mn0000211483
mn0000951443,mn0000661524
mn0000951443,mn0000660507
mn0000402124,mn0000146437
mn0000183890,mn0000587708
mn0000183890,mn0000204591
mn0000829236,mn0000050610
mn0000157908,mn0000577531
mn0000070942,mn0000609992
mn0000070942,mn0000110541
mn0000070942,mn0000738182
mn0000070942,mn0000809334
mn0000070942,mn0000246487
mn0000070942,mn0000745316
mn0000101795,mn0000587708
mn0000101795,mn0000102399
mn0000101795,mn0000673114
mn0001013505,mn0000166105
mn0000689880,mn0000602907
mn0000689880,mn0000263103
mn0000666406,mn0000071514
mn0000666406,mn0000785380
mn0000666406,mn0000328014
mn0000307305,mn0000071514
mn0000307305,mn0000798026
mn0000307305,mn0000202187
mn0000307305,mn0000128585
mn0000307305,mn0000271519
mn0000307305,mn0000519428
mn0000212614,mn0000609992
mn0000212614,mn0000931086
mn0000212614,mn0000234374
mn0000821219,mn0000158801
mn0000081194,mn0000575199
mn0000163133,mn0000534880
mn0000163133,mn0000565908
mn0000369574,mn0000107259
mn0000034356,mn0000171015
mn0000801573,mn0000191006
mn0000801573,mn0000003056
mn0000275401,mn0000120323
mn0000275401,mn0000526407
mn0000288841,mn0000228027
mn0000578999,mn0000662797
mn0000578999,mn0000286677
mn0000578999,mn0000602378
mn0000254556,mn0000044874
mn0000575012,mn0000110104
mn0000575012,mn0000208076
mn0000575012,mn0000673114
mn0000666763,mn0000047401
mn0000666763,mn0000076658
mn0001561271,mn0000336222
mn0000792175,mn0000928942
mn0000792175,mn0000396372
mn0000765221,mn0000332725
mn0000659071,mn0000130028
mn0000659071,mn0000625526
mn0000659071,mn0000602907
mn0000659071,mn0000579458
mn0000659071,mn0000851639
mn0000659071,mn0000032776
mn0000257160,mn0000849333
mn0000773884,mn0000572508
mn0000254535,mn0000684920
mn0000254535,mn0000243527
mn0002508583,mn0002049035
mn0000003015,mn0000204591
mn0000003015,mn0000957296
mn0000003015,mn0000124784
mn0000003015,mn0000868092
mn0000003015,mn0000250435
mn0000938399,mn0000307351
mn0000013387,mn0000227487
mn0000013387,mn0000306296
mn0000851639,mn0000625526
mn0000851639,mn0000760782
mn0000851639,mn0000602907
mn0000851639,mn0000659071
mn0000851639,mn0001655886
mn0000851639,mn0000032776
mn0000894730,mn0000288469
mn0000831708,mn0000377116
mn0000882950,mn0000505154
mn0000882950,mn0000175553
mn0000204714,mn0000490769
mn0000204714,mn0000959770
mn0000838300,mn0000816890
mn0000590265,mn0000094210
mn0000110541,mn0000585092
mn0000110541,mn0000104388
mn0000110541,mn0000223701
mn0000110541,mn0000742899
mn0000802302,mn0000378624
mn0000837215,mn0000159699
mn0000806925,mn0000745071
mn0000806925,mn0000327130
mn0000806925,mn0000286662
mn0000828507,mn0000853163
mn0000927786,mn0000248452
mn0000927786,mn0000341422
mn0000252026,mn0000260038
mn0000252026,mn0000162677
mn0000252026,mn0000160198
mn0000252026,mn0000044290
mn0000345734,mn0000094252
mn0000689898,mn0000312991
mn0000321377,mn0000539774
mn0000321377,mn0000127044
mn0000321377,mn0000792507
mn0000321377,mn0000396372
mn0000321377,mn0000378624
mn0000245039,mn0000211392
mn0000245039,mn0000809396
mn0000245039,mn0000327130
mn0000245039,mn0000387352
mn0000245039,mn0000286662
mn0000245039,mn0000130855
mn0000334030,mn0000849333
mn0000334030,mn0000232564
mn0000334030,mn0000790604
mn0000228266,mn0000209142
mn0000228266,mn0000849333
mn0000228266,mn0000029884
mn0000575169,mn0000388835
mn0000982355,mn0002046409
mn0000334644,mn0000801762
mn0000334644,mn0000069153
mn0000988471,mn0000227465
mn0000884057,mn0000742116
mn0000884057,mn0000036269
mn0000772870,mn0001431398
mn0000757070,mn0000380149
mn0000751663,mn0000107139
mn0000084258,mn0000056625
mn0000084258,mn0000899530
mn0000203978,mn0000110033
mn0000203978,mn0000625526
mn0000203978,mn0000602907
mn0000203978,mn0001456835
mn0000354729,mn0001192671
mn0000354729,mn0000024568
mn0000286092,mn0000796736
mn0000286092,mn0000955936
mn0000286092,mn0000837946
mn0000286092,mn0000035464
mn0000286092,mn0000774909
mn0000286092,mn0001431398
mn0000003981,mn0000962339
mn0000093521,mn0000602907
mn0000093521,mn0001905533
mn0000093521,mn0000350127
mn0000066697,mn0002192136
mn0000753731,mn0000537326
mn0000046458,mn0000234993
mn0000374888,mn0000224312
mn0000374888,mn0000322733
mn0000374888,mn0000051828
mn0000233637,mn0000340373
mn0000073571,mn0000887719
mn0000594648,mn0000095423
mn0000594648,mn0000077361
mn0000798688,mn0000121185
mn0000105354,mn0000545726
mn0000105354,mn0000036521
mn0000111151,mn0000257274
mn0000111151,mn0000058549
mn0000740569,mn0000600920
mn0000236287,mn0000367979
mn0000615119,mn0000242545
mn0000169536,mn0000200775
mn0000845668,mn0000524050
mn0000749316,mn0000349439
mn0000749316,mn0000585820
mn0000751623,mn0000530996
mn0000197567,mn0000955702
mn0000167549,mn0000204248
mn0000167549,mn0000676415
mn0000853163,mn0000184502
mn0000853163,mn0000204591
mn0000763650,mn0000760782
mn0000763650,mn0000602907
mn0000763650,mn0002192136
mn0000955936,mn0000452817
mn0000407058,mn0000085915
mn0000407058,mn0000191006
mn0000407058,mn0000808304
mn0000311919,mn0000099753
mn0000034617,mn0000081231
mn0000034617,mn0000798326
mn0000034617,mn0000139804
mn0000221603,mn0000286662
mn0000221603,mn0000793944
mn0000196826,mn0000239329
mn0000784617,mn0000831708
mn0000190632,mn0000097654
mn0000388835,mn0002802539
mn0000388835,mn0000575169
mn0000200074,mn0000038805
mn0000200074,mn0000854407
mn0000153590,mn0000211146
mn0000147635,mn0000849333
mn0000147635,mn0000390239
mn0000147635,mn0000007305
mn0000504815,mn0000390239
mn0000001758,mn0000017748
mn0000244254,mn0000130765
mn0000406583,mn0002044658
mn0000125569,mn0000647670
mn0000282304,mn0000942529
mn0000831104,mn0000600341
mn0000012644,mn0000803162
mn0000012644,mn0000068780
mn0000346370,mn0000482763
mn0000118546,mn0000942529
mn0000118546,mn0000962064
mn0000118546,mn0000780056
mn0002031165,mn0000422323
mn0000751484,mn0000927736
mn0000775212,mn0000037658
mn0000189229,mn0000815236
mn0000189229,mn0000266462
mn0000189229,mn0000858375
mn0000189229,mn0000385879
mn0000189229,mn0000749476
mn0000101946,mn0000772976
mn0000745071,mn0000175286
mn0000745071,mn0000327130
mn0000745071,mn0000214162
mn0000060679,mn0000825208
mn0000060679,mn0001006782
mn0000229686,mn0001754084
mn0000684638,mn0000829643
mn0000684638,mn0000769616
mn0000684638,mn0000227607
mn0000939595,mn0000111968
mn0000939595,mn0000097009
mn0000539774,mn0000162677
mn0000539774,mn0000259529
mn0000539774,mn0000489316
mn0000421122,mn0000818058
mn0000156324,mn0000751408
mn0000364445,mn0000855531
mn0000852007,mn0000743615
mn0000450694,mn0000684920
mn0000305541,mn0000246885
mn0000305541,mn0000204901
mn0000284104,mn0000111345
mn0000284104,mn0000818058
mn0000186185,mn0000456319
mn0000015787,mn0000624144
mn0000809001,mn0000792574
mn0000809001,mn0000741325
mn0000809001,mn0000798326
mn0000623336,mn0000933813
mn0000623336,mn0000204591
mn0000490769,mn0000115733
mn0000490769,mn0000204714
mn0000490769,mn0000824599
mn0000958895,mn0000300245
mn0000350127,mn0000030250
mn0000350127,mn0000851639
mn0000939565,mn0000161808
mn0000481864,mn0000919623
mn0000081181,mn0000162677
mn0000081181,mn0000786080
mn0000212810,mn0000812046
mn0000115985,mn0000503279
mn0000115985,mn0000585092
mn0000115985,mn0000800100
mn0000115985,mn0000360956
mn0000115985,mn0000189180
mn0000115985,mn0000278009
mn0000115985,mn0000484396
mn0000491996,mn0000962064
mn0000491996,mn0000780056
mn0000491996,mn0000959770
mn0000128249,mn0000792507
mn0000119629,mn0000074397
mn0000119629,mn0000677991
mn0000119629,mn0000768470
mn0000948842,mn0000224808
mn0000169124,mn0000070507
mn0000169124,mn0000741325
mn0000169124,mn0000267354
mn0000169124,mn0000341422
mn0000729957,mn0002088835
mn0000851690,mn0000406134
mn0000851690,mn0000931876
mn0000851690,mn0000238375
mn0000186312,mn0000927786
mn0000186312,mn0000108554
mn0000186312,mn0000091879
mn0000186312,mn0000341422
mn0000186312,mn0000244082
mn0000186312,mn0000686577
mn0000208404,mn0000070507
mn0000208404,mn0000640675
mn0000208404,mn0000833150
mn0000045379,mn0000204054
mn0000230593,mn0000951383
mn0000594765,mn0000059503
mn0001717415,mn0001093069
mn0001717415,mn0000596996
mn0000673114,mn0000208076
mn0000673114,mn0000390239
mn0000768584,mn0000988457
mn0000768584,mn0000774588
mn0000768584,mn0000208997
mn0000768584,mn0000020869
mn0000768584,mn0000743615
mn0000225178,mn0000084814
mn0000225178,mn0000293896
mn0000008612,mn0001885780
mn0000662886,mn0000800100
mn0000662886,mn0000753004
mn0001006782,mn0000060679
mn0001006782,mn0000676061
mn0000334740,mn0000211392
mn0000765747,mn0000232564
mn0000035464,mn0000031008
mn0000035464,mn0000096613
mn0000035464,mn0000809396
mn0000035464,mn0000686897
mn0000035464,mn0000019339
mn0000855531,mn0000102399
mn0000666584,mn0000801762
mn0000666584,mn0000816890
mn0000200775,mn0000816890
mn0000200775,mn0000234325
mn0000200775,mn0000380704
mn0000200775,mn0000583959
mn0000161920,mn0000751592
mn0000934069,mn0000106514
mn0000934069,mn0000234325
mn0000934069,mn0000583959
mn0000634377,mn0000233228
mn0000177588,mn0000955544
mn0001251909,mn0000809704
mn0000173487,mn0000186299
mn0000756318,mn0000406909
mn0000756318,mn0000169568
mn0000756318,mn0000673577
mn0000331666,mn0000051603
mn0000507555,mn0000577301
mn0000507555,mn0000792507
mn0000507555,mn0000240865
mn0000507555,mn0000411830
mn0000171220,mn0000794244
mn0000171220,mn0000390239
mn0000171220,mn0000332725
mn0000176298,mn0000931086
mn0000176298,mn0000234374
mn0000176298,mn0000002330
mn0000176298,mn0000230478
mn0000226634,mn0000209142
mn0000226634,mn0000228266
mn0000226634,mn0000831236
mn0000751592,mn0000161920
mn0000751592,mn0000075979
mn0000240252,mn0000831708
mn0000211724,mn0000136647
mn0000013101,mn0000749290
mn0000214869,mn0000216986
mn0000127451,mn0000092579
mn0000099753,mn0000311919
mn0000264727,mn0000834108
mn0000059503,mn0000075979
mn0000059503,mn0000145269
mn0000059503,mn0000185155
mn0000641626,mn0000527469
mn0000641626,mn0000377538
mn0000765494,mn0000204054
mn0000765494,mn0000211570
mn0000765494,mn0000233228
mn0000765494,mn0000608135
mn0000765494,mn0000961688
mn0000550320,mn0000755208
mn0000231997,mn0000087985
mn0000076658,mn0000047401
mn0000076658,mn0000666763
mn0000076658,mn0000486305
mn0000642263,mn0000101522
mn0000166785,mn0000184091
mn0000166785,mn0000808104
mn0000166785,mn0000808214
mn0000189446,mn0001011216
mn0000004747,mn0000530745
mn0000169202,mn0000327130
mn0000169202,mn0000286662
mn0000219876,mn0000113203
mn0000588887,mn0000643682
mn0000588887,mn0000826381
mn0000831381,mn0000524050
mn0000213561,mn0000940590
mn0000766538,mn0000078044
mn0000766538,mn0000590285
mn0000359555,mn0000802246
mn0000196248,mn0000159699
mn0000082037,mn0000532957
mn0000332725,mn0000390239
mn0000816890,mn0000838300
mn0000024309,mn0000697350
mn0001754084,mn0000229686
mn0000773370,mn0000194122
mn0000773370,mn0000106882
mn0000773370,mn0000316834
mn0000773370,mn0000821571
mn0000524071,mn0000489520
mn0000199749,mn0000224638
mn0000125436,mn0000099561
mn0000145269,mn0000059503
mn0000145269,mn0000059101
mn0000312991,mn0000689898
mn0000034885,mn0000554955
mn0000129761,mn0000686897
mn0000019953,mn0000536122
mn0000019953,mn0000840760
mn0000196969,mn0000337119
mn0000240865,mn0000121185
mn0000240865,mn0000745316
mn0000240865,mn0000597309
mn0000960674,mn0000763554
mn0000714156,mn0000587708
mn0000714156,mn0000456319
mn0000774909,mn0000035464
mn0000774909,mn0000286092
mn0000044290,mn0000252026
mn0000889856,mn0000939549
mn0000302799,mn0000162677
mn0000302799,mn0000234518
mn0000302799,mn0000396372
mn0000302799,mn0000423829
mn0000302799,mn0000489845
mn0000302799,mn0000896298
mn0000237825,mn0000102399
mn0000237825,mn0000301404
mn0000413000,mn0000224257
mn0000413000,mn0000169818
mn0000294376,mn0000127044
mn0000611102,mn0000491996
mn0000611102,mn0000050034
mn0000651239,mn0000279593
mn0000808212,mn0000621423
mn0000566054,mn0000740861
mn0000742392,mn0000835796
mn0000618447,mn0000784713
mn0000618447,mn0000472923
mn0000156161,mn0000931876
mn0000082584,mn0000208404
mn0000082584,mn0000160198
mn0000082584,mn0000204901
mn0000036934,mn0000505154
mn0000036934,mn0000070507
mn0000036934,mn0000208404
mn0000036934,mn0000738855
mn0000036934,mn0000127949
mn0000765585,mn0000749504
mn0000168958,mn0000677781
mn0000988386,mn0000752246
mn0000988386,mn0000503279
mn0000988386,mn0000753004
mn0000303125,mn0000050434
mn0000303125,mn0000107294
mn0000303125,mn0000268762
mn0000833150,mn0000697766
mn0001006451,mn0000331137
mn0000590285,mn0000187478
mn0000590285,mn0000209142
mn0000590285,mn0000849333
mn0000327765,mn0000382734
mn0000327765,mn0000029867
mn0000679158,mn0000673114
mn0000679158,mn0000390239
mn0000679158,mn0000332725
mn0000745316,mn0000609992
mn0000745316,mn0000957296
mn0000745316,mn0000246487
mn0000319626,mn0000857062
mn0000319626,mn0000756318
mn0000319626,mn0000588183
mn0000866417,mn0000216986
mn0000517074,mn0000647670
mn0000517074,mn0000378624
mn0000113480,mn0000957296
mn0000113480,mn0000679158
mn0000113480,mn0000176859
mn0000113480,mn0000250435
mn0000128428,mn0000118664
mn0000128428,mn0000602907
mn0000128428,mn0000837084
mn0000128428,mn0000350127
mn0000128428,mn0000279337
mn0000226282,mn0000127369
mn0000228385,mn0000519637
mn0000572263,mn0000002330
mn0000759668,mn0000939187
mn0000411830,mn0000531986
mn0000411830,mn0000594665
mn0000123915,mn0000064961
mn0000521704,mn0000849333
mn0000521704,mn0000217792
mn0000521704,mn0000007305
mn0000185155,mn0000059503
mn0000185155,mn0000305424
mn0000839504,mn0000143018
mn0000003056,mn0000801573
mn0000770628,mn0000117844
mn0000935443,mn0000924764
mn0000003595,mn0000855531
mn0000003595,mn0000293490
mn0000003595,mn0000597516
mn0000792583,mn0000070507
mn0000792583,mn0000118853
mn0000497368,mn0000662886
mn0000497368,mn0000753004
mn0000283971,mn0000587708
mn0000283971,mn0000838563
mn0000090563,mn0000941303
mn0000580485,mn0000467203
mn0000580485,mn0000821571
mn0000689884,mn0000163133
mn0000689884,mn0000530745
mn0000278644,mn0000625526
mn0000132449,mn0000583959
mn0000120325,mn0000266002
mn0000118954,mn0000587982
mn0000039258,mn0000516020
mn0000496097,mn0000952794
mn0000828897,mn0000325357
mn0000828897,mn0000287350
mn0000828897,mn0000000335
mn0000943936,mn0000509524
mn0000943936,mn0000175196
mn0000864257,mn0000378624
mn0000184502,mn0000234518
mn0000184502,mn0000489316
mn0000243474,mn0000069986
mn0000243474,mn0000945951
mn0000243474,mn0000351227
mn0000243474,mn0000042513
mn0000641067,mn0000074776
mn0000641067,mn0000231213
mn0000641067,mn0000238440
mn0000012139,mn0000188279
mn0000740861,mn0000587708
mn0000740861,mn0000635760
mn0000740861,mn0000832124
mn0000047401,mn0000666763
mn0000175553,mn0000505154
mn0000175553,mn0000868092
mn0000175553,mn0000882950
mn0000633078,mn0000211146
mn0000633078,mn0000151290
mn0000633078,mn0000096613
mn0000633078,mn0000045379
mn0000633078,mn0000121357
mn0000633078,mn0000327130
mn0000550710,mn0000158801
mn0000643682,mn0000588887
mn0003163489,mn0000853757
mn0000781837,mn0000931086
mn0000781837,mn0000742899
mn0000218082,mn0000047401
mn0000218082,mn0000090389
mn0000218082,mn0000064915
mn0000218082,mn0000200322
mn0000017748,mn0000792507
mn0000017748,mn0000040225
mn0000017748,mn0000001758
mn0000017748,mn0000413601
mn0000203351,mn0000513770
mn0000164594,mn0000838195
mn0000661974,mn0000928942
mn0000661974,mn0000896298
mn0000782563,mn0000424244
mn0000097182,mn0000227465
mn0000097182,mn0000380620
mn0000955544,mn0000317131
mn0000955544,mn0000186927
mn0000955544,mn0000177588
mn0000955544,mn0000295443
mn0000248392,mn0000803162
mn0000248392,mn0000341422
mn0000245019,mn0000682403
mn0002046409,mn0000982355
mn0002088835,mn0000729957
mn0000385766,mn0000153956
mn0000385766,mn0000536122
mn0000524050,mn0000845668
mn0000939871,mn0000389719
mn0000939871,mn0000466759
mn0000939871,mn0000510885
mn0000780056,mn0000942529
mn0000780056,mn0000959770
mn0000072041,mn0000184091
mn0000081849,mn0000566054
mn0000081849,mn0000015398
mn0000081849,mn0000355052
mn0000795529,mn0000598083
mn0000009680,mn0000800100
mn0000009680,mn0000396372
mn0000684627,mn0000676061
mn0000603473,mn0000845668
mn0000046794,mn0000753273
mn0000016142,mn0000234518
mn0000531986,mn0000258514
mn0000806327,mn0000163133
mn0000806327,mn0000094252
mn0000806327,mn0000120323
mn0000806327,mn0000152490
mn0001007820,mn0000790797
mn0000585271,mn0000239382
mn0000585271,mn0000684648
mn0000815236,mn0000955027
mn0000815236,mn0000266462
mn0000815236,mn0000189229
mn0000815236,mn0000020869
mn0000815236,mn0000014548
mn0000815236,mn0000214162
mn0000330376,mn0000203255
mn0000022041,mn0000792583
mn0000380620,mn0000183699
mn0000164093,mn0000594665
mn0000153526,mn0000293490
mn0000634700,mn0000081231
mn0000634700,mn0000208404
mn0000634700,mn0000798326
mn0000634700,mn0000139804
mn0000796736,mn0000509524
mn0000796736,mn0000815039
mn0000796736,mn0000286092
mn0000882956,mn0000174557
mn0000882956,mn0000849333
mn0000882956,mn0000149515
mn0000882956,mn0000816387
mn0000335431,mn0000103600
mn0000335431,mn0000148978
mn0000335431,mn0000846488
mn0000579458,mn0000031181
mn0000579458,mn0000625526
mn0000579458,mn0000602907
mn0000579458,mn0000659071
mn0000135378,mn0000035464
mn0000001444,mn0000625526
mn0000053120,mn0000481915
mn0000130689,mn0000096613
mn0000239638,mn0000780108
mn0000123058,mn0000239329
mn0000107058,mn0000359494
mn0000107058,mn0000501771
mn0000745628,mn0000074776
mn0000745628,mn0000121318
mn0000745628,mn0000517175
mn0000745628,mn0000036537
mn0000332577,mn0000803829
mn0000206990,mn0000591806
mn0000206990,mn0000251491
mn0000206990,mn0000296487
mn0000169526,mn0000165068
mn0000169526,mn0000500454
mn0000678408,mn0000094210
mn0000678408,mn0000290464
mn0000678408,mn0000204901
mn0000945951,mn0000243474
mn0000406134,mn0000851690
mn0000839476,mn0000171957
mn0000184187,mn0000776301
mn0000340774,mn0000849333
mn0000489520,mn0000080118
mn0000489520,mn0000754875
mn0000228058,mn0000273105
mn0000228058,mn0000191680
mn0000228058,mn0000330601
mn0000228058,mn0000864257
mn0000228058,mn0000290464
mn0000692100,mn0000332257
mn0000692100,mn0000842802
mn0000798721,mn0000485992
mn0000223683,mn0000788508
mn0000125088,mn0000621423
mn0000926447,mn0000802246
mn0000926447,mn0000359555
mn0000064103,mn0000792507
mn0000064103,mn0000356566
mn0000064103,mn0000345734
mn0000865646,mn0000249175
mn0000021711,mn0000124275
mn0000021711,mn0000147638
mn0000407986,mn0000786126
mn0000407986,mn0000849333
mn0000407986,mn0000456319
mn0000809948,mn0000097115
mn0000322339,mn0000327130
mn0000322339,mn0000328288
mn0000796166,mn0000070507
mn0000796166,mn0000039656
mn0000740576,mn0000731975
mn0000740576,mn0001655886
mn0000950293,mn0000079016
mn0000950293,mn0000094252
mn0000950293,mn0000234518
mn0000950293,mn0000322027
mn0000228299,mn0000110541
mn0000228299,mn0000536122
mn0000228299,mn0000745316
mn0000108124,mn0000625201
mn0000674011,mn0000957296
mn0000772976,mn0000101946
mn0000772976,mn0000208997
mn0000772976,mn0000583959
mn0000169818,mn0000537548
mn0000169818,mn0000413000
mn0000169818,mn0000088035
mn0000169818,mn0000892827
mn0000955793,mn0000158801
mn0000534880,mn0000163133
mn0000625526,mn0000164817
mn0000625526,mn0000376150
mn0000625526,mn0000579458
mn0000625526,mn0000659071
mn0000625526,mn0000851639
mn0000767035,mn0000537548
mn0000767035,mn0000224257
mn0000599953,mn0000393768
mn0000151290,mn0000286662
mn0000847735,mn0000094252
mn0000260038,mn0000252026
mn0000260038,mn0000396372
mn0000260038,mn0000378624
mn0000608135,mn0000928942
mn0000608135,mn0000081231
mn0000608135,mn0000767404
mn0000122115,mn0000341422
mn0000122115,mn0000596922
mn0000203255,mn0000330376
mn0000044455,mn0000538677
mn0000044455,mn0000307875
mn0000767404,mn0000798326
mn0000767404,mn0000957296
mn0000767404,mn0000673114
mn0000767404,mn0000423829
mn0000767404,mn0000608135
mn0000853757,mn0003163489
mn0000372322,mn0000083554
mn0000245760,mn0000233228
mn0000245760,mn0000012644
mn0000261352,mn0000004852
mn0000407059,mn0000181479
mn0000121584,mn0000546746
mn0000121584,mn0000075979
mn0000121584,mn0002049035
mn0000105329,mn0000047716
mn0000105329,mn0000024779
mn0000001190,mn0000590285
mn0000110847,mn0000266002
mn0000315104,mn0000575122
mn0000315104,mn0000146437
mn0000192828,mn0000019241
mn0000359179,mn0000031008
mn0000359179,mn0000184091
mn0000585820,mn0000339789
mn0000585820,mn0000769616
mn0000208997,mn0000768584
mn0000208997,mn0000849333
mn0000208997,mn0000020869
mn0000407300,mn0000200775
mn0000407300,mn0000200791
mn0000487271,mn0000809396
mn0000487271,mn0000794145
mn0000487271,mn0000671156
mn0000487271,mn0000837150
mn0000487271,mn0000266160
mn0000839559,mn0000517078
mn0000333447,mn0000018977
mn0000333447,mn0000845196
mn0000367188,mn0002412330
mn0000801192,mn0000781837
mn0000801192,mn0000797056
mn0000265440,mn0000936983
mn0000265440,mn0000744485
mn0000378041,mn0000159699
mn0000378041,mn0000327130
mn0000378041,mn0000816890
mn0000378041,mn0000245039
mn0000378041,mn0000214162
mn0000849333,mn0000334030
mn0000662797,mn0000578999
mn0000662797,mn0000502371
mn0000662797,mn0000602378
mn0000926376,mn0000178852
mn0000926376,mn0000400158
mn0000854407,mn0000145269
mn0000854407,mn0000200074
mn0000825316,mn0000183890
mn0000825316,mn0000238495
mn0000854545,mn0000489658
mn0000854545,mn0000153915
mn0000854545,mn0000337119
mn0000854545,mn0000597309
mn0000308833,mn0000323999
mn0000197476,mn0000290072
mn0000570082,mn0000355052
mn0000682403,mn0000367979
mn0000682403,mn0000359016
mn0000682403,mn0000245019
mn0000118503,mn0000583959
mn0000524239,mn0000260038
mn0000794597,mn0000889097
mn0000794597,mn0000007305
mn0000292915,mn0000617196
mn0000292915,mn0000669876
mn0000292915,mn0000845668
mn0000292915,mn0000044874
mn0000925983,mn0000760782
mn0000749059,mn0000927555
mn0000749059,mn0000322733
mn0000187478,mn0000209142
mn0000234993,mn0000061226
mn0000039857,mn0000674409
mn0000351840,mn0000040225
mn0000245173,mn0000317093
mn0000641474,mn0000551055
mn0000596996,mn0001717415
mn0000596996,mn0000526637
mn0000596996,mn0000691696
mn0000783767,mn0000178916
mn0000523387,mn0000183699
mn0000523387,mn0000380620
mn0000224257,mn0000537548
mn0000224257,mn0000661795
mn0000224257,mn0000088035
mn0000224257,mn0000278439
mn0000171637,mn0000580723
mn0000028242,mn0000572310
mn0000028242,mn0000200184
mn0000246655,mn0000110104
mn0000935537,mn0000671414
mn0000952345,mn0000075979
mn0000675092,mn0000536122
mn0000675092,mn0000228299
mn0000675092,mn0000337119
mn0000017882,mn0000077698
mn0000017882,mn0000803162
mn0000255494,mn0000106882
mn0000602378,mn0000578999
mn0000602378,mn0000662797
mn0000602378,mn0000373634
mn0000602378,mn0000286677
mn0001643985,mn0000527469
mn0000253232,mn0000122754
mn0000253232,mn0000237205
mn0000341652,mn0000200775
mn0000810166,mn0000668302
mn0000810166,mn0000130689
mn0000810166,mn0000359966
mn0000457819,mn0000796060
mn0000457819,mn0000863963
mn0000185948,mn0000643549
mn0000129652,mn0000089675
mn0000933781,mn0000102985
mn0000933781,mn0000597309
mn0000933781,mn0000583959
mn0000064961,mn0000123915
mn0000149170,mn0000031008
mn0000149170,mn0000686897
mn0000215928,mn0000102462
mn0000215928,mn0000799233
mn0000025475,mn0000305501
mn0000818254,mn0000168256
mn0000798858,mn0000223061
mn0000090803,mn0000927555
mn0000090803,mn0000047401
mn0000090803,mn0000064915
mn0000834673,mn0000607448
mn0000841430,mn0000901899
mn0000841430,mn0000790717
mn0000134799,mn0000327130
mn0000134799,mn0000019241
mn0000842351,mn0000187478
mn0000842351,mn0000336639
mn0000378624,mn0000204901
mn0000756463,mn0000031441
mn0000543055,mn0000793210
mn0000325357,mn0000828897
mn0000257307,mn0000225275
mn0000340373,mn0000233637
mn0000123306,mn0000001020
mn0000755431,mn0000558596
mn0000273531,mn0000792507
mn0000158801,mn0000955793
mn0000158801,mn0000927416
mn0000158801,mn0000821219
mn0000158801,mn0000238375
mn0000158801,mn0000550710
mn0000186805,mn0000597516
mn0000121185,mn0000007230
mn0000121185,mn0000240865
mn0000121185,mn0000808338
mn0000121185,mn0000754875
mn0000936190,mn0000081832
mn0000037658,mn0000775212
mn0000163426,mn0000239329
mn0000163426,mn0000826988
mn0000224312,mn0000322733
mn0000060726,mn0000609925
mn0000060726,mn0000137137
mn0000060726,mn0000819894
mn0000060726,mn0000251210
mn0000060726,mn0000821317
mn0000562884,mn0000536321
mn0000935212,mn0000162762
mn0000935212,mn0000234518
mn0000806991,mn0000749671
mn0000806991,mn0000197424
mn0000201667,mn0000502760
mn0000756180,mn0000842802
mn0000919618,mn0000784527
mn0000919618,mn0000162677
mn0000919618,mn0000184502
mn0000919618,mn0000526407
mn0000919618,mn0000489316
mn0000143018,mn0000839504
mn0000926428,mn0000458759
mn0000937181,mn0000039661
mn0000742899,mn0000184502
mn0000742899,mn0000803162
mn0000742899,mn0000489316
mn0000537326,mn0000026904
mn0000537326,mn0000031441
mn0000537326,mn0000753731
mn0000537326,mn0000863963
mn0000537326,mn0000042234
mn0000220065,mn0000808214
mn0000207723,mn0000192925
mn0000044874,mn0000280984
mn0000044874,mn0000292915
mn0000044874,mn0000254556
mn0000609925,mn0000060726
mn0000150955,mn0000242473
mn0000150955,mn0000774186
mn0000100116,mn0000527773
mn0000100116,mn0000147249
mn0000100116,mn0000451336
mn0000840000,mn0000243851
mn0000036537,mn0000074776
mn0000036537,mn0000121318
mn0000036537,mn0000300245
mn0000750511,mn0000489520
mn0000640675,mn0000396372
mn0000149007,mn0000001020
mn0000068395,mn0000758208
mn0000745617,mn0000009680
mn0000745617,mn0000039656
mn0000124784,mn0000390239
mn0000124784,mn0000332725
mn0000124784,mn0000767741
mn0000124784,mn0000794244
mn0000124784,mn0000047401
mn0000124784,mn0000761478
mn0000376613,mn0000134600
mn0000376613,mn0000208774
mn0000376613,mn0000266002
mn0000011608,mn0000231673
mn0000165818,mn0000378041
mn0000829643,mn0000769616
mn0000829643,mn0000116159
mn0000829643,mn0000780056
mn0000829643,mn0000349439
mn0000351227,mn0000456319
mn0000351227,mn0000042513
mn0000317001,mn0000084962
mn0000852399,mn0000097173
mn0000852399,mn0000186185
mn0000111968,mn0000939595
mn0000929857,mn0000526407
mn0000137137,mn0000060726
mn0000137137,mn0000127044
mn0000137137,mn0000819894
mn0000137137,mn0000287604
mn0000137137,mn0000251210
mn0000375214,mn0000906249
mn0000280434,mn0000119629
mn0000280434,mn0000103600
mn0000280434,mn0000402351
mn0000280434,mn0000335431
mn0000280434,mn0000345426
mn0000236246,mn0000226228
mn0000236246,mn0000305424
mn0000236246,mn0000307461
mn0000059101,mn0000107139
mn0000059101,mn0000145269
mn0000059101,mn0000185155
mn0000814745,mn0000752246
mn0000160198,mn0000928942
mn0000160198,mn0000505154
mn0000160198,mn0000082584
mn0000160198,mn0000199677
mn0000160198,mn0000252026
mn0000160198,mn0000341422
mn0000298562,mn0000631684
mn0000307461,mn0000305424
mn0000203168,mn0000921895
mn0000186477,mn0000074776
mn0000317131,mn0000955544
mn0000011754,mn0000311680
mn0000527379,mn0000818058
mn0000267354,mn0000199677
mn0000267354,mn0000951384
mn0000835894,mn0000849333
mn0000029791,mn0000751687
mn0000094752,mn0000802875
mn0000094752,mn0000767016
mn0000316826,mn0000662886
mn0000316826,mn0000177008
mn0000316826,mn0000002053
mn0000316826,mn0000898550
mn0000316826,mn0000075979
mn0000070507,mn0000957296
mn0000070507,mn0000127949
mn0000070507,mn0000226380
mn0000575122,mn0000146437
mn0000575122,mn0000315104
mn0000751408,mn0000156324
mn0000064509,mn0000575199
mn0000765435,mn0000068780
mn0000765435,mn0000226380
mn0000765435,mn0000250435
mn0000036269,mn0000884057
mn0000036269,mn0000674119
mn0000007230,mn0000121185
mn0000423437,mn0000163133
mn0000423437,mn0000152490
mn0000423437,mn0000697766
mn0000007040,mn0000424244
mn0000007040,mn0000845775
mn0000144458,mn0000210868
mn0000896298,mn0000928942
mn0000896298,mn0000776363
mn0000896298,mn0000120323
mn0000896298,mn0000526407
mn0000896298,mn0000396372
mn0000896298,mn0000423829
mn0000886392,mn0000338881
mn0000767741,mn0000609992
mn0000767741,mn0000201760
mn0000767741,mn0000957296
mn0000767741,mn0000234374
mn0000767741,mn0000223701
mn0000928548,mn0000587708
mn0000928548,mn0000311680
mn0000928548,mn0000005971
mn0000089021,mn0000231997
mn0000089021,mn0000345427
mn0000086729,mn0000211392
mn0000086729,mn0000801762
mn0000086729,mn0000014651
mn0000889276,mn0000124784
mn0000889276,mn0000246487
mn0000889276,mn0000673114
mn0000889276,mn0000390239
mn0000889276,mn0000332725
mn0000949042,mn0000129547
mn0000949042,mn0000137137
mn0000949042,mn0000960674
mn0000108554,mn0000186312
mn0000108554,mn0000565634
mn0000108554,mn0000341422
mn0000108554,mn0000244082
mn0000108554,mn0000686577
mn0000116159,mn0000829643
mn0000116159,mn0000780056
mn0000116159,mn0000959770
mn0000825544,mn0000752562
mn0000955257,mn0000375066
mn0000955257,mn0000838563
mn0000085915,mn0000390239
mn0000320056,mn0000124275
mn0000320056,mn0000147638
mn0000320056,mn0000013101
mn0000359494,mn0000307305
mn0000901899,mn0001002668
mn0000901899,mn0000841430
mn0000901899,mn0000581847
mn0000307351,mn0000938399
mn0000011257,mn0000776363
mn0000011257,mn0000136220
mn0000011257,mn0000602907
mn0000011257,mn0000350127
mn0000301404,mn0000670057
mn0000301404,mn0000153103
mn0000301404,mn0000332725
mn0000301404,mn0000237825
mn0000301404,mn0000817315
mn0000676061,mn0000060679
mn0000676061,mn0001006782
mn0000676061,mn0000684627
mn0000183867,mn0000924232
mn0000760240,mn0000625526
mn0000104742,mn0000749476
mn0000250435,mn0000798326
mn0000250435,mn0000176859
mn0000250435,mn0000226380
mn0000069986,mn0000011754
mn0000798026,mn0000071514
mn0000798026,mn0000202187
mn0000798026,mn0000271519
mn0000798026,mn0000328014
mn0000072698,mn0000108554
mn0000072698,mn0000565634
mn0000072698,mn0000091879
mn0000072698,mn0000248452
mn0000072698,mn0000341422
mn0000072698,mn0000244082
mn0000072698,mn0000686577
mn0000803162,mn0000068780
mn0000858375,mn0000327130
mn0000858375,mn0000189414
mn0000858375,mn0000189229
mn0000858375,mn0000286662
mn0000652255,mn0000187374
mn0000652255,mn0000002330
mn0000241766,mn0000093322
mn0000241766,mn0000519428
mn0000661687,mn0000809334
mn0000224808,mn0000617196
mn0000224808,mn0000948842
mn0000229289,mn0000001020
mn0000355052,mn0000081849
mn0000355052,mn0000570082
mn0000042234,mn0000537326
mn0000857203,mn0000784527
mn0000857203,mn0000661172
mn0000058549,mn0000642542
mn0000002330,mn0000176298
mn0000002330,mn0000678408
mn0000002330,mn0000246885
mn0001002668,mn0000901899
mn0000577531,mn0000630882
mn0000577531,mn0000039661
mn0000507975,mn0000932323
mn0000665944,mn0000070507
mn0000665944,mn0000260038
mn0000519715,mn0000505154
mn0000519715,mn0000776363
mn0000519715,mn0000199677
mn0000519715,mn0000184502
mn0000519715,mn0000068780
mn0000519715,mn0000489845
mn0000305501,mn0000230590
mn0000305501,mn0000025475
mn0000933809,mn0000200794
mn0000933809,mn0000747445
mn0000074397,mn0000119629
mn0000074397,mn0000136956
mn0000074397,mn0000239329
mn0000361973,mn0000068934
mn0000361973,mn0000314050
mn0000802875,mn0000688515
mn0000802875,mn0000094752
mn0000233467,mn0000196976
mn0000293490,mn0000153526
mn0000293490,mn0000602907
mn0000293490,mn0000456896
mn0000293490,mn0000030629
mn0000293490,mn0000458759
mn0000293490,mn0000851639
mn0000581847,mn0000901899
mn0000639767,mn0000785380
mn0000307225,mn0000792507
mn0000640419,mn0000159699
mn0000640419,mn0000181145
mn0000784527,mn0000489316
mn0000170211,mn0000174557
mn0000086065,mn0000931876
mn0000658950,mn0000576885
mn0000497132,mn0000250435
mn0000129656,mn0000613368
mn0000348105,mn0000600228
mn0000348105,mn0000047716
mn0000348105,mn0000101795
mn0000348105,mn0000673114
mn0000348105,mn0000411830
mn0000348105,mn0000597309
mn0000688804,mn0000643549
mn0000688804,mn0000738855
mn0000688804,mn0000957296
mn0000090160,mn0000312354
mn0000258799,mn0000059503
mn0000267505,mn0000211146
mn0000267505,mn0000121357
mn0000267505,mn0000130689
mn0000267505,mn0000849333
mn0000267505,mn0000816900
mn0000249559,mn0000746387
mn0000798514,mn0000021810
mn0000857589,mn0000606098
mn0000045475,mn0000192849
mn0000638498,mn0000213967
mn0000638498,mn0000668576
mn0000638498,mn0000411171
mn0002117562,mn0000752945
mn0000202187,mn0000071514
mn0000202187,mn0000785380
mn0000202187,mn0000307305
mn0000202187,mn0000519428
mn0000210868,mn0000144458
mn0000210868,mn0000803162
mn0000210868,mn0000248392
mn0000126772,mn0000955702
mn0000392299,mn0000765221
mn0000392299,mn0000804559
mn0000392299,mn0000390239
mn0000392299,mn0000332725
mn0000106317,mn0000812290
mn0000686957,mn0000788508
mn0000686957,mn0000812290
mn0000686957,mn0000133377
mn0000485992,mn0000635760
mn0000796472,mn0000885190
mn0000286483,mn0000742899
mn0000072510,mn0000159699
mn0000072510,mn0000086714
mn0000749290,mn0000536122
mn0000749290,mn0000013101
mn0000868092,mn0000798326
mn0000164750,mn0000390239
mn0000028053,mn0000185440
mn0000017929,mn0000065882
mn0000017929,mn0000390239
mn0000017929,mn0000332725
mn0000308968,mn0000007305
mn0000868456,mn0000159699
mn0000868456,mn0000200775
mn0000868456,mn0000816387
mn0000868456,mn0000583959
mn0000791092,mn0000213967
mn0000945269,mn0000786242
mn0000945269,mn0001431398
mn0000251360,mn0000031274
mn0000251360,mn0000118261
mn0000191680,mn0000047401
mn0000191680,mn0000793506
mn0000191680,mn0000211483
mn0000191680,mn0000228058
mn0000146437,mn0000575122
mn0000752562,mn0000825544
mn0000752562,mn0000490769
mn0000130855,mn0000809396
mn0000130855,mn0000286662
mn0000130855,mn0000245039
mn0000356566,mn0000094252
mn0000356566,mn0000064103
mn0000238495,mn0000164970
mn0000686577,mn0000186312
mn0002412330,mn0000367188
mn0000186299,mn0000801584
mn0000186299,mn0000199240
mn0000186299,mn0000173487
mn0000921895,mn0000926376
mn0000921895,mn0000060551
mn0000921895,mn0000373592
mn0000029909,mn0000211146
mn0001032273,mn0000133719
mn0000256482,mn0000684920
mn0000256482,mn0000742899
mn0000503279,mn0000162122
mn0000254833,mn0000093025
mn0000254833,mn0000228299
mn0000254833,mn0000176859
mn0000642196,mn0000070507
mn0000642196,mn0000094210
mn0000642196,mn0000957296
mn0000642196,mn0000226380
mn0000642196,mn0000423829
mn0000077560,mn0000184502
mn0000051828,mn0000537548
mn0000051828,mn0000661795
mn0000051828,mn0000270064
mn0000165068,mn0000751592
mn0000254964,mn0000545074
mn0000606610,mn0000790717
mn0000808588,mn0000094210
mn0000808588,mn0000832124
mn0000120231,mn0000001020
mn0000674332,mn0000521564
mn0000674332,mn0000191680
mn0000674332,mn0000948061
mn0000110104,mn0000927555
mn0000110104,mn0000047401
mn0000110104,mn0000208076
mn0000110104,mn0000673114
mn0000290072,mn0000047401
mn0000452817,mn0000531986
mn0000452817,mn0000955936
mn0000753273,mn0000046794
mn0000219021,mn0000931086
mn0000219021,mn0000742899
mn0000223701,mn0000767741
mn0000223701,mn0000110541
mn0000223701,mn0000585092
mn0000223701,mn0000957296
mn0000223701,mn0000104388
mn0000223701,mn0000250435
mn0000768027,mn0000951384
mn0000768027,mn0000267354
mn0000768027,mn0000396372
mn0000768027,mn0000039656
mn0000768027,mn0000490416
mn0000247545,mn0000186927
mn0000247545,mn0000178166
mn0000486305,mn0000076658
mn0001093069,mn0001717415
mn0000839245,mn0000663934
mn0000839245,mn0000041187
mn0000839245,mn0000812051
mn0000554955,mn0000034885
mn0000758208,mn0000041637
mn0000124248,mn0000572508
mn0000932323,mn0000813561
mn0000932323,mn0000742899
mn0000890630,mn0000328288
mn0000314923,mn0000518937
mn0000156900,mn0000197460
mn0000156900,mn0000104388
mn0000156900,mn0000019334
mn0000813441,mn0000336222
mn0000828153,mn0000124390
mn0000472735,mn0000344332
mn0000227487,mn0000306296
mn0000253914,mn0000118189
mn0000008549,mn0000169568
mn0000774815,mn0000314050
mn0000847263,mn0000074005
mn0000847263,mn0000390239
mn0000388167,mn0000647670
mn0000388167,mn0000234518
mn0000388167,mn0000845196
mn0000388167,mn0000960874
mn0000267411,mn0000220312
mn0000267411,mn0000300659
mn0000267411,mn0000197424
mn0000532280,mn0000738855
mn0000532280,mn0000039656
mn0000924232,mn0000183867
mn0000179732,mn0000079016
mn0000179732,mn0000776363
mn0000489316,mn0000784527
mn0000489316,mn0000184502
mn0000826988,mn0000163426
mn0000826988,mn0000239329
mn0000778344,mn0000928942
mn0000001433,mn0000214162
mn0000320761,mn0000327130
mn0000320761,mn0000294085
mn0000320761,mn0000130855
mn0000320761,mn0000214162
mn0000040225,mn0000017748
mn0000029867,mn0000327765
mn0000270491,mn0000102399
mn0000270491,mn0000456319
mn0000270491,mn0000021744
mn0000270491,mn0000250435
mn0000125479,mn0000074005
mn0000125479,mn0000380976
mn0000068780,mn0000803162
mn0000068780,mn0000558339
mn0000318966,mn0001199400
mn0000754875,mn0000121185
mn0000754875,mn0000152312
mn0000754875,mn0000489520
mn0000754875,mn0000842351
mn0000754875,mn0000845668
mn0000754875,mn0000042513
mn0000087965,mn0000061226
mn0000784732,mn0000243617
mn0000744485,mn0000328288
mn0000744485,mn0000265440
mn0000744485,mn0000936983
mn0000162762,mn0000776363
mn0000039549,mn0000489316
mn0000287929,mn0000097009
mn0000328288,mn0000346102
mn0000328288,mn0000890630
mn0000232677,mn0000463435
mn0000407101,mn0000031008
mn0000407101,mn0000159699
mn0000407101,mn0000294085
mn0000111345,mn0000284104
mn0000354769,mn0000127044
mn0000251210,mn0000060726
mn0000251210,mn0000137137
mn0000251210,mn0000819894
mn0000251210,mn0000287604
mn0000744328,mn0000060551
mn0000744328,mn0000178852
mn0000744328,mn0000400158
mn0000167328,mn0000762288
mn0000558596,mn0000784527
mn0000647670,mn0000536122
mn0000795841,mn0000246487
mn0000930651,mn0000278515
mn0000863963,mn0000026904
mn0000863963,mn0000031441
mn0000258882,mn0000146437
mn0000018835,mn0000265440
mn0000018835,mn0000936983
mn0000659222,mn0000096645
mn0000659222,mn0000071209
mn0000266160,mn0000487271
mn0000266160,mn0000039661
mn0000666285,mn0000801762
mn0000057840,mn0000200775
mn0000057840,mn0000037197
mn0000057840,mn0000583959
mn0000611142,mn0000120323
mn0000611142,mn0000526407
mn0000793664,mn0000378624
mn0000933529,mn0000812290
mn0000299666,mn0000306296
mn0000894956,mn0000780056
mn0000894956,mn0000256709
mn0000457352,mn0000751870
mn0000988638,mn0000536122
mn0000988638,mn0000749290
mn0000819894,mn0000060726
mn0000819894,mn0000137137
mn0000819894,mn0000287604
mn0000808338,mn0000087859
mn0000094252,mn0000792507
mn0000094252,mn0000043499
mn0000094252,mn0000959775
mn0000497290,mn0000764504
mn0000803128,mn0000376150
mn0000226228,mn0000236246
mn0000014548,mn0000186978
mn0000014548,mn0000885875
mn0000802791,mn0000792507
mn0000317029,mn0000588508
mn0000152312,mn0000187478
mn0000152312,mn0000223701
mn0000152312,mn0000087985
mn0000227607,mn0000829643
mn0000227607,mn0000376739
mn0000385879,mn0000286662
mn0000103249,mn0000602907
mn0000318872,mn0000091052
mn0000318872,mn0000952276
mn0000318872,mn0000178916
mn0000082661,mn0000584923
mn0000843212,mn0000352017
mn0001750978,mn0000760782
mn0001750978,mn0000031181
mn0000741016,mn0000110033
mn0000741016,mn0000144581
mn0000249389,mn0000785380
mn0000249389,mn0000247997
mn0000257857,mn0000127949
mn0000210142,mn0000044802
mn0000210142,mn0000347639
mn0000034249,mn0000159699
mn0000014263,mn0000962133
mn0000140786,mn0000790717
mn0000601707,mn0000006613
mn0000786080,mn0000081181
mn0000300245,mn0000074776
mn0000300245,mn0000121318
mn0000300245,mn0000531986
mn0000141774,mn0000802745
mn0000252326,mn0000750203
mn0000962064,mn0000491996
mn0000962064,mn0000780056
mn0000953615,mn0000799893
mn0000481915,mn0000786245
mn0000481915,mn0002450394
mn0000409594,mn0000931876
mn0000175874,mn0000170483
mn0000472102,mn0000663645
mn0000785380,mn0000066395
mn0000785380,mn0000071514
mn0000785380,mn0000074936
mn0000785380,mn0000666406
mn0000785380,mn0000328014
mn0000785380,mn0000040114
mn0000141064,mn0000085915
mn0000141064,mn0000551055
mn0000141064,mn0000387720
mn0000046469,mn0000021810
mn0000296024,mn0000927786
mn0000296024,mn0000827224
mn0000471887,mn0000096613
mn0000838847,mn0000602907
mn0000639697,mn0000014263
mn0000178916,mn0000074397
mn0000178916,mn0000617196
mn0000171994,mn0000927555
mn0000171994,mn0000085410
mn0000171994,mn0000804289
mn0000830538,mn0000231997
mn0000285399,mn0000169100
mn0000070641,mn0000306446
mn0000070641,mn0000389213
mn0000774186,mn0000150955
mn0000774186,mn0000844950
mn0000133377,mn0000686957
mn0000133377,mn0000009927
mn0000276381,mn0000536122
mn0000276381,mn0000745316
mn0000118853,mn0000160198
mn0000118853,mn0000341422
mn0000256349,mn0000163133
mn0000256349,mn0000094252
mn0000031008,mn0000686897
mn0000031008,mn0000359179
mn0000545880,mn0000359016
mn0000660812,mn0000931876
mn0000813561,mn0000932323
mn0000768367,mn0000162677
mn0000768367,mn0000962133
mn0000001020,mn0000123306
mn0000001020,mn0000120231
mn0000001020,mn0000152312
mn0000001020,mn0000229289
mn0000169100,mn0000285399
mn0000217870,mn0000327130
mn0001952358,mn0000372229
mn0000455694,mn0000314050
mn0000455694,mn0000933568
mn0000102399,mn0000587708
mn0000102399,mn0000575199
mn0000599262,mn0000307461
mn0000572898,mn0000838241
mn0000663934,mn0000839245
mn0000663934,mn0000793623
mn0000387720,mn0000068934
mn0000387720,mn0000456319
mn0000224252,mn0000149515
mn0000078414,mn0000254131
mn0000181914,mn0000852399
mn0000181914,mn0000087597
mn0000181914,mn0000467853
mn0000741325,mn0000070507
mn0000741325,mn0000798326
mn0000931876,mn0000156161
mn0000931876,mn0000660812
mn0000931876,mn0000227988
mn0000931876,mn0000086065
mn0000931876,mn0000409594
mn0000931876,mn0000851690
mn0000943781,mn0000239382
mn0000943781,mn0000144581
mn0000943781,mn0000683864
mn0000943781,mn0000803128
mn0000943781,mn0000350127
mn0000944206,mn0000090389
mn0000944206,mn0000332725
mn0000763554,mn0000770629
mn0000240923,mn0000631579
mn0000246487,mn0000609992
mn0000246487,mn0000600228
mn0000246487,mn0000110541
mn0000246487,mn0000957296
mn0000246487,mn0000139804
mn0000246487,mn0000673114
mn0000246487,mn0000745316
mn0000786126,mn0000042513
mn0000092579,mn0000127451
mn0000148978,mn0000103600
mn0000686857,mn0000731975
mn0000686857,mn0000740576
mn0000686857,mn0000497132
mn0000686857,mn0000250435
mn0000084814,mn0000225178
mn0000952276,mn0000091052
mn0000804559,mn0000587708
mn0000804559,mn0000204591
mn0000402249,mn0000134600
mn0000030250,mn0000784527
mn0000030250,mn0000602907
mn0000030250,mn0001456835
mn0000030250,mn0000350127
mn0000798662,mn0000531585
mn0000625739,mn0000531986
mn0000617196,mn0000186927
mn0000617196,mn0000177588
mn0000617196,mn0000238440
mn0000617196,mn0000785773
mn0000845196,mn0000737969
mn0000845196,mn0000333447
mn0000023925,mn0000031008
mn0000023925,mn0000187478
mn0000023925,mn0000337119
mn0000122252,mn0000788508
mn0000122252,mn0000812290
mn0000675323,mn0000082639
mn0000838241,mn0000849333
mn0000838241,mn0000835894
mn0000838241,mn0000333634
mn0000838241,mn0000743615
mn0000394931,mn0000798965
mn0000394931,mn0000184091
mn0000394931,mn0000808214
mn0000176936,mn0000060726
mn0000786245,mn0000481915
mn0000786245,mn0000826583
mn0000786245,mn0000479687
mn0000746079,mn0000184652
mn0000031181,mn0000579458
mn0000031181,mn0001655886
mn0000031181,mn0000851639
mn0000118736,mn0000280434
mn0000596922,mn0000548338
mn0000596922,mn0000176859
mn0000800100,mn0000175553
mn0000800100,mn0000290464
mn0000607804,mn0000124390
mn0000577590,mn0000003829
mn0000792507,mn0000307225
mn0000058360,mn0000768470
mn0000182360,mn0000047401
mn0000182360,mn0000110104
mn0000062191,mn0000676485
mn0000296347,mn0000231213
mn0000661795,mn0000537548
mn0000661795,mn0000224257
mn0000661795,mn0000322733
mn0000661795,mn0000051828
mn0000517078,mn0000839559
mn0000944293,mn0000299500
mn0000642427,mn0000120323
mn0000849781,mn0000762288
mn0000849781,mn0000824599
mn0000336639,mn0000078802
mn0000336639,mn0000066915
mn0000336639,mn0000187478
mn0000675351,mn0000258000
mn0000675351,mn0000725333
mn0000636474,mn0000519428
mn0000311742,mn0000809396
mn0000311742,mn0000322027
mn0000311742,mn0000749504
mn0000311742,mn0000017882
mn0000505770,mn0000079016
mn0000505770,mn0000776363
mn0000505770,mn0000896298
mn0000777156,mn0000854816
mn0000074005,mn0000125479
mn0000074005,mn0000673114
mn0000074005,mn0000423829
mn0000174122,mn0000045077
mn0000174122,mn0000214162
mn0000142226,mn0000211627
mn0000142226,mn0000334363
mn0000091052,mn0000952276
mn0000091052,mn0000489520
mn0000091052,mn0000318872
mn0000691696,mn0000596996
mn0000842802,mn0000007305
mn0000188776,mn0000587708
mn0000188776,mn0000110541
mn0000188776,mn0000684920
mn0000188776,mn0000939549
mn0000188776,mn0000372482
mn0000188776,mn0000714156
mn0000809704,mn0001251909
mn0000812051,mn0000839245
mn0000803829,mn0000332577
mn0000136956,mn0000244552
mn0000167041,mn0000060726
mn0000323999,mn0000258514
mn0000323999,mn0000308833
mn0000323999,mn0000754587
mn0000196976,mn0000233467
mn0000002252,mn0000074776
mn0000002252,mn0000192849
mn0000002252,mn0000228299
mn0000332536,mn0000151240
mn0000332536,mn0000201760
mn0000759433,mn0000602907
mn0000824432,mn0000497132
mn0000107877,mn0000300534
mn0000109437,mn0000001020
mn0000671925,mn0000024102
mn0000352999,mn0000543867
mn0000200794,mn0000334132
mn0000200794,mn0000754251
mn0000616664,mn0000098688
mn0000112017,mn0000792507
mn0000112017,mn0000317093
mn0000798326,mn0000957296
mn0000798326,mn0000250435
mn0000299275,mn0000162677
mn0000299275,mn0000145269
mn0000299275,mn0000076658
mn0000299275,mn0000068780
mn0000299275,mn0000185155
mn0000299275,mn0000305424
mn0000299275,mn0000806877
mn0000397880,mn0002450394
mn0000855356,mn0000130855
mn0000317108,mn0000536122
mn0000317108,mn0000276381
mn0000317108,mn0000745316
mn0000091879,mn0000927786
mn0000091879,mn0000108554
mn0000091879,mn0000248452
mn0000091879,mn0000244082
mn0000175196,mn0000380149
mn0000046626,mn0000753237
mn0000803757,mn0000200775
mn0000305424,mn0000145269
mn0000305424,mn0000185155
mn0000305424,mn0000307461
mn0000124275,mn0000147638
mn0000124275,mn0000021711
mn0000124275,mn0000320056
mn0000884412,mn0000287350
mn0000200322,mn0000505154
mn0000200322,mn0000160198
mn0000200322,mn0000064915
mn0000200322,mn0000341422
mn0000213967,mn0000791092
mn0000213967,mn0000638498
mn0001655886,mn0000031181
mn0001655886,mn0000740576
mn0001655886,mn0000851639
mn0001655886,mn0000032776
mn0000081231,mn0000070507
mn0000081231,mn0000798326
mn0000149515,mn0000085415
mn0000149515,mn0000849333
mn0000149515,mn0000882956
mn0000077844,mn0000233228
mn0000456896,mn0000293490
mn0000505154,mn0000199677
mn0000505154,mn0000127949
mn0000505154,mn0000175553
mn0000505154,mn0000882950
mn0000178166,mn0000247545
mn0000525789,mn0000211392
mn0000106514,mn0000211392
mn0000106514,mn0000801762
mn0000106514,mn0000666285
mn0000820195,mn0000394288
mn0000032776,mn0000579458
mn0000032776,mn0000659071
mn0000032776,mn0001655886
mn0000032776,mn0000851639
mn0000077698,mn0000661172
mn0000178114,mn0000151290
mn0000178114,mn0000327130
mn0000178114,mn0000286662
mn0001905533,mn0000093521
mn0000224638,mn0000118261
mn0000224638,mn0000337119
mn0000851951,mn0000042513
mn0000600341,mn0000831104
mn0000869383,mn0000813441
mn0000869383,mn0001514710
mn0000059096,mn0000068780
mn0000139572,mn0000868214
mn0000622805,mn0000957296
mn0000737969,mn0000868092
mn0000737969,mn0000845196
mn0000737969,mn0000333447
mn0000737969,mn0000250435
mn0000095613,mn0000798543
mn0000095613,mn0000497132
mn0000045313,mn0000962339
mn0000049806,mn0000039661
mn0000204968,mn0000742899
mn0000000335,mn0000828897
mn0000816900,mn0000211146
mn0000816900,mn0000184091
mn0000816900,mn0000121357
mn0002802539,mn0000388835
mn0000568368,mn0000753004
mn0000568368,mn0000260038
mn0000568368,mn0000896298
mn0000568368,mn0000378624
mn0000568368,mn0000204901
mn0000330601,mn0000090389
mn0000330601,mn0000868092
mn0000330601,mn0000845196
mn0000213266,mn0000115399
mn0000213266,mn0000676485
mn0000292011,mn0000587708
mn0000153103,mn0000102399
mn0000153103,mn0000301404
mn0000153103,mn0000604940
mn0000016829,mn0000013315
mn0000204054,mn0000961688
mn0000321672,mn0000375479
mn0000939549,mn0000684920
mn0000939549,mn0000738182
mn0000939549,mn0000188776
mn0000939549,mn0000889856
mn0000282766,mn0000014724
mn0000000429,mn0000808212
mn0000000429,mn0000268426
mn0000077555,mn0000227465
mn0000024102,mn0000671925
mn0000249175,mn0000344275
mn0000249175,mn0000865646
mn0000413990,mn0000587708
mn0000413990,mn0000609992
mn0000413990,mn0000183890
mn0000413990,mn0000962133
mn0000961688,mn0000045379
mn0000961688,mn0000204054
mn0000961688,mn0000803128
mn0000751613,mn0000601079
mn0000751613,mn0000602907
mn0000868214,mn0000139572
mn0000142122,mn0000359016
mn0000142122,mn0000245019
mn0000142122,mn0000024568
mn0000168978,mn0000490769
mn0000376150,mn0000110033
mn0000376150,mn0000803128
mn0000376150,mn0000625526
mn0000376150,mn0000602907
mn0000376150,mn0001655886
mn0000808388,mn0000482018
mn0000808388,mn0000521424
mn0000424580,mn0000216986
mn0000962133,mn0000810892
mn0000962133,mn0000768367
mn0000962133,mn0000803128
mn0000294085,mn0000320761
mn0000294085,mn0000214162
mn0000181479,mn0000077555
mn0000181479,mn0000784713
mn0000181479,mn0000407059
mn0000521424,mn0000482018
mn0000521424,mn0000808388
mn0000588508,mn0000200968
mn0000588508,mn0000319945
mn0000945790,mn0000113409
mn0000945790,mn0000944206
mn0000081083,mn0000320761
mn0000081083,mn0000245039
mn0000314288,mn0000074776
mn0000314288,mn0000121318
mn0000232185,mn0000490769
mn0000230478,mn0000931086
mn0000230478,mn0000176298
mn0000812741,mn0000258514
mn0000118056,mn0000120273
mn0000118056,mn0000031181
mn0000118056,mn0000602907
mn0000118056,mn0000350127
mn0000128585,mn0000071514
mn0000128585,mn0000798026
mn0000128585,mn0000271519
mn0000128585,mn0000307305
mn0000498577,mn0000074776
mn0000498577,mn0000330961
mn0000498577,mn0000007305
mn0000070150,mn0000047401
mn0000070150,mn0000803162
mn0000070150,mn0000064915
mn0000070150,mn0000090803
mn0000175149,mn0000319347
mn0000931086,mn0000742899
mn0000931086,mn0000230478
mn0000600228,mn0000246487
mn0000600228,mn0000745316
mn0000797056,mn0000801192
mn0000797056,mn0000159791
mn0000767016,mn0000094752
mn0000094210,mn0000808588
mn0000094210,mn0000742899
mn0000560208,mn0000334030
mn0000560208,mn0000849333
mn0000228027,mn0000288841
mn0000821317,mn0000060726
mn0000821317,mn0000671800
mn0000044802,mn0000347639
mn0000867271,mn0000171637
mn0000867271,mn0000898754
mn0000867271,mn0000854545
mn0000867271,mn0000597309
mn0000107554,mn0000583959
mn0000458759,mn0000293490
mn0000208076,mn0000110104
mn0000208076,mn0000390239
mn0000208076,mn0000332725
mn0000181145,mn0000640419
mn0000181145,mn0000277258
mn0000050770,mn0000059503
mn0000050770,mn0000075979
mn0000050770,mn0000793506
mn0000050770,mn0000152312
mn0000050770,mn0000359966
mn0000050770,mn0000838241
mn0000935265,mn0000086065
mn0000764504,mn0000497290
mn0000828166,mn0000162677
mn0000828166,mn0000184502
mn0000222298,mn0000885875
mn0000463435,mn0000232677
mn0000277977,mn0000928942
mn0000277977,mn0000162677
mn0000277977,mn0000267354
mn0000753985,mn0000128249
mn0000607009,mn0000804559
mn0000607009,mn0000575199
mn0000018977,mn0000333447
mn0000647935,mn0000044994
mn0002044658,mn0000406583
mn0000809334,mn0000796060
mn0000809334,mn0000023566
mn0000328014,mn0000666406
mn0000328014,mn0000519428
mn0000927416,mn0000158801
mn0000118261,mn0000224638
mn0000118261,mn0000251360
mn0000527469,mn0000641626
mn0000527469,mn0000760782
mn0000527469,mn0000184487
mn0000527469,mn0000625526
mn0000527469,mn0000602907
mn0000527469,mn0001655886
mn0000527469,mn0001643985
mn0000558339,mn0000776363
mn0000558339,mn0000068780
mn0000813175,mn0000230590
mn0000206077,mn0000661172
mn0000358820,mn0000041637
mn0000254131,mn0000078414
mn0000337717,mn0000768584
mn0000283135,mn0000807250
mn0000889097,mn0000794597
mn0000209142,mn0000187478
mn0000209142,mn0000228266
mn0000209142,mn0000612716
mn0000209142,mn0000191006
mn0000209142,mn0000849333
mn0000110033,mn0000760782
mn0000110033,mn0000203978
mn0000110033,mn0000376150
mn0000110033,mn0000795288
mn0000015398,mn0000081849
mn0000015398,mn0000208076
mn0000015398,mn0000673114
mn0000015398,mn0000832124
mn0000851625,mn0000202162
mn0000130400,mn0000110033
mn0000287604,mn0000184502
mn0000962168,mn0000490549
mn0000962168,mn0000300458
mn0000044994,mn0000647935
mn0000044994,mn0000174838
mn0000044994,mn0000812046
mn0000044994,mn0000964582
mn0000051603,mn0000331666
mn0000051603,mn0000275335
mn0000051603,mn0000602907
mn0000376739,mn0000942529
mn0000376739,mn0000227607
mn0000070477,mn0000103600
mn0000851550,mn0000406668
mn0000221722,mn0000926376
mn0000221722,mn0000537548
mn0000221722,mn0000278439
mn0000467853,mn0000597094
mn0000467853,mn0000300245
mn0000233300,mn0000836313
mn0000171957,mn0000150062
mn0000171957,mn0000793406
mn0000171957,mn0000829643
mn0000171957,mn0000352524
mn0000171957,mn0000839476
mn0000171957,mn0000349439
mn0000171957,mn0000490769
mn0000804476,mn0000792507
mn0000413601,mn0000204591
mn0000413601,mn0000957296
mn0000123992,mn0000819894
mn0000755208,mn0000550320
mn0000419197,mn0000107259
mn0000845775,mn0000121185
mn0000845775,mn0000808338
mn0000738855,mn0000226908
mn0000738855,mn0000957296
mn0000200448,mn0000927555
mn0000021129,mn0000152312
mn0000021129,mn0000223701
mn0000258514,mn0000531986
mn0000258514,mn0000812741
mn0000258514,mn0000323999
mn0000673638,mn0000075979
mn0000247587,mn0000074397
mn0000951383,mn0000153526
mn0000951383,mn0000230593
mn0000188279,mn0000776363
mn0000188279,mn0000152490
mn0000188279,mn0000234518
mn0000310709,mn0000139475
mn0000547844,mn0000252172
mn0000754587,mn0000323999
mn0000754587,mn0000842802
mn0000824599,mn0000769616
mn0000184091,mn0000798965
mn0000184091,mn0000808214
mn0000184091,mn0000042513
mn0000184091,mn0000604940
mn0000186978,mn0000060551
mn0000186978,mn0000014548
mn0000780108,mn0000260361
mn0000780108,mn0000801101
mn0000780108,mn0000767068
mn0000780108,mn0000336639
mn0000686897,mn0000031008
mn0000216986,mn0000424580
mn0000216986,mn0000262255
mn0000216986,mn0000836958
mn0000216986,mn0000214869
mn0000697766,mn0000163133
mn0000697766,mn0000833150
mn0001456835,mn0000030250
mn0001456835,mn0000203978
mn0001456835,mn0000851639
mn0000634125,mn0000048265
mn0000808214,mn0000184091
mn0000808214,mn0000604940
mn0000769238,mn0000183858
mn0000799893,mn0000953615
mn0000143405,mn0000163133
mn0000143405,mn0000079016
mn0000143405,mn0000179732
mn0000345426,mn0000204054
mn0000345426,mn0000103600
mn0000345426,mn0000280434
mn0000345426,mn0000081181
mn0000414420,mn0000787011
mn0000848952,mn0000047401
mn0000848952,mn0000100854
mn0000186125,mn0000350840
mn0000186125,mn0000214162
mn0000209719,mn0000223701
mn0000162677,mn0000396372
mn0000287917,mn0000184091
mn0000287917,mn0000227544
mn0000251494,mn0000828153
mn0000217792,mn0000187478
mn0000217792,mn0000849333
mn0000409954,mn0000816890
mn0000409954,mn0000489316
mn0000409954,mn0000200791
mn0000565634,mn0000244082
mn0002192136,mn0000763650
mn0002192136,mn0000066697
mn0000338881,mn0000886392
mn0000482018,mn0000521424
mn0000482018,mn0000808388
mn0000502371,mn0000537548
mn0000502371,mn0000662797
mn0000502371,mn0000322733
mn0000502371,mn0000278439
mn0000102781,mn0000094210
mn0000102781,mn0000665944
mn0000102781,mn0000124767
mn0000551055,mn0000641474
mn0000551055,mn0000808338
mn0000551055,mn0000933568
mn0000742116,mn0000884057
mn0000031173,mn0000229289
mn0000805298,mn0000819894
mn0000090011,mn0000751592
mn0000660507,mn0000951443
mn0000806447,mn0000792507
mn0000806447,mn0000322027
mn0000806447,mn0000853163
mn0000188398,mn0000152312
mn0000188398,mn0000754875
mn0000186927,mn0000617196
mn0000186927,mn0000671414
mn0000186927,mn0000185810
mn0000186927,mn0000247545
mn0000186927,mn0000955544
mn0000630882,mn0000060679
mn0000630882,mn0000197040
mn0000630882,mn0000577531
mn0000244082,mn0000108554
mn0000244082,mn0000565634
mn0000244082,mn0000091879
mn0000244082,mn0000248452
mn0000244082,mn0000341422
mn0000793506,mn0000211483
mn0000938763,mn0000072003
mn0000671414,mn0000186927
mn0000060551,mn0000921895
mn0000060551,mn0000926376
mn0000060551,mn0000744328
mn0000640691,mn0000780056
mn0000669511,mn0000831708
mn0000046842,mn0000625526
mn0000466206,mn0000186927
mn0000037197,mn0000057840
mn0000037197,mn0000787810
mn0000359966,mn0000045077
mn0000884272,mn0000163133
mn0000884272,mn0000891991
mn0000333643,mn0000350127
mn0000202214,mn0000145269
mn0000151240,mn0000065882
mn0000151240,mn0000332536
mn0000032628,mn0000801762
mn0000032628,mn0000666285
mn0000048908,mn0000661974
mn0000048908,mn0000378624
mn0000409696,mn0000563390
mn0000409696,mn0000075623
mn0000167880,mn0000029791
mn0000239382,mn0000044331
mn0000239382,mn0000684648
mn0000869487,mn0000539774
mn0000869487,mn0000246885
mn0000708613,mn0000275401
mn0000402514,mn0000169568
mn0000846607,mn0000187478
mn0000207539,mn0000945790
mn0000826708,mn0000812290
mn0000826708,mn0000519428
mn0000336222,mn0000813441
mn0000336222,mn0000518937
mn0000386492,mn0000332257
mn0000814852,mn0000509524
mn0000814852,mn0000339160
mn0000394806,mn0000184091
mn0000394806,mn0000849333
mn0000807250,mn0000283135
mn0000041187,mn0000839245
mn0000041187,mn0000021810
mn0000825840,mn0001655886
mn0000825840,mn0000851639
mn0000322733,mn0000208774
mn0000322733,mn0000373634
mn0000047644,mn0000298113
mn0000801762,mn0000666285
mn0000025104,mn0000387720
mn0000243617,mn0000784732
mn0000609992,mn0000234374
mn0000609992,mn0000767741
mn0000609992,mn0000536122
mn0000885190,mn0000796472
mn0000885190,mn0000367979
mn0000885190,mn0000359016
mn0000846277,mn0000141838
mn0001192671,mn0000424244
mn0001192671,mn0000354729
mn0001192671,mn0000350127
mn0000257274,mn0000111151
mn0000927627,mn0000793210
mn0000333573,mn0000587708
mn0000333573,mn0000102399
mn0000333573,mn0000575199
mn0000113203,mn0000219876
mn0000852665,mn0000745316
mn0000104388,mn0000110541
mn0000104388,mn0000585092
mn0000104388,mn0000794244
mn0000104388,mn0000957296
mn0000104388,mn0000214546
mn0000104388,mn0000066570
mn0000174838,mn0000330961
mn0000527846,mn0000047401
mn0000784458,mn0000826708
mn0000175286,mn0000327130
mn0000175286,mn0000320761
mn0000175286,mn0000214162
mn0000175286,mn0000583959
mn0000631684,mn0000298562
mn0000184652,mn0000746079
mn0000170483,mn0000175874
mn0000807041,mn0000885875
mn0000833610,mn0000821571
mn0000171743,mn0000065882
mn0000171743,mn0000332725
mn0000885875,mn0000222298
mn0000766010,mn0000159214
mn0000746915,mn0000812046
mn0000136647,mn0000329768
mn0000136647,mn0000211724
mn0000929648,mn0000812290
mn0000126452,mn0000770930
mn0000375066,mn0000587708
mn0000375066,mn0000042513
mn0000684648,mn0000239382
mn0000684648,mn0000585271
mn0000684648,mn0000044331
mn0000546746,mn0000121584
mn0000006143,mn0000211483
mn0000006143,mn0000139804
mn0000290464,mn0000640675
mn0000290464,mn0000423829
mn0000290464,mn0000204901
mn0000290464,mn0000039656
mn0000290464,mn0000742899
mn0000955702,mn0000126772
mn0000955702,mn0000197567
mn0000857062,mn0000651271
mn0000857062,mn0000319626
mn0000802246,mn0000359555
mn0000163227,mn0000558339
mn0000163227,mn0000833150
mn0000163227,mn0000237205
mn0000163227,mn0000217792
mn0000770404,mn0000222436
mn0000674119,mn0000036269
mn0000204390,mn0000361393
mn0000388105,mn0000793623
mn0000388105,mn0000796166
mn0000388105,mn0000163426
mn0000388105,mn0000178916
mn0000388105,mn0000239329
mn0000743615,mn0000849333
mn0000054707,mn0000776363
mn0000054707,mn0000152490
mn0000054707,mn0000234518
mn0000827224,mn0000927786
mn0000827224,mn0000565634
mn0000827224,mn0000091879
mn0000827224,mn0000248452
mn0000827224,mn0000296024
mn0000964582,mn0000350840
mn0000790717,mn0000841430
mn0000790717,mn0000606610
mn0000790717,mn0000187859
mn0000790717,mn0000140786
mn0000160094,mn0000345734
mn0000020869,mn0000621423
mn0000020869,mn0000768584
mn0000020869,mn0000096613
mn0000020869,mn0000815236
mn0000020869,mn0000988457
mn0000020869,mn0000774588
mn0000020869,mn0000208997
mn0000187859,mn0000790717
mn0000361825,mn0000183699
mn0000373634,mn0000537548
mn0000373634,mn0000322733
mn0000373634,mn0000088035
mn0000373634,mn0000113753
mn0000373634,mn0000602378
mn0000748773,mn0000137137
mn0000748773,mn0000819894
mn0000029086,mn0000100116
mn0000029086,mn0000147249
mn0000767471,mn0000057115
mn0000767471,mn0000241618
mn0000767471,mn0000376739
mn0000767471,mn0000960574
mn0000048816,mn0000672269
mn0000611007,mn0000097534
mn0000838195,mn0000164594
mn0000642542,mn0000796700
mn0000642542,mn0000058549
mn0000041637,mn0000758208
mn0000041637,mn0000107259
mn0000041637,mn0000068395
mn0000041637,mn0000358820
mn0000242949,mn0000673114
mn0000341422,mn0000505154
mn0000341422,mn0000160198
mn0000341422,mn0000068780
mn0000341422,mn0000248392
mn0000203639,mn0000102399
mn0000268426,mn0000000429
mn0000273105,mn0000201760
mn0000273105,mn0000808198
mn0000580723,mn0000171637
mn0000822742,mn0000747627
mn0000766562,mn0000226380
mn0000766562,mn0000622805
mn0000152490,mn0000054707
mn0000152490,mn0000776363
mn0000152490,mn0000234518
mn0000752246,mn0000988386
mn0000752246,mn0000814745
mn0000953089,mn0000341422
mn0000002273,mn0000070534
mn0000189180,mn0000001020
mn0000189180,mn0000115985
mn0000840215,mn0000675732
mn0000566087,mn0000543867
mn0000566087,mn0000753237
mn0000665103,mn0000094252
mn0000933813,mn0000587708
mn0000933813,mn0000714156
mn0000361393,mn0000204390
mn0000232468,mn0000503279
mn0000584257,mn0000237205
mn0000584257,mn0000842802
mn0000584257,mn0000576718
mn0000323990,mn0000797327
mn0000147638,mn0000021711
mn0000147638,mn0000320056
mn0002049035,mn0000121584
mn0002049035,mn0002508583
mn0000420728,mn0000928942
mn0000420728,mn0000068780
mn0000329768,mn0000136647
mn0000678009,mn0000118056
mn0000678009,mn0000246885
mn0000678009,mn0000579458
mn0000678009,mn0000030664
mn0000942529,mn0000780056
mn0000224265,mn0000196969
mn0000226380,mn0000765435
mn0000226380,mn0000951384
mn0000022257,mn0000184091
mn0000954817,mn0000931086
mn0000502760,mn0000201667
mn0000509524,mn0000211392
mn0000509524,mn0000849333
mn0001431398,mn0000945269
mn0000853144,mn0000587708
